[{"model": "admin.logentry", "pk": 1, "fields": {"action_time": "2023-04-28T11:45:07.423Z", "user": 1, "content_type": 7, "object_id": "4", "object_repr": "Dragon Stone Tournament 2022", "action_flag": 2, "change_message": "[{\"changed\": {\"fields\": [\"Image\", \"Place [en]\", \"Address [pl]\", \"Address [en]\", \"Prizes [pl]\", \"Prizes [en]\", \"Fee [pl]\", \"Fee [en]\"]}}]"}}, {"model": "admin.logentry", "pk": 2, "fields": {"action_time": "2023-04-28T12:33:33.074Z", "user": 1, "content_type": 7, "object_id": "4", "object_repr": "Dragon Stone Tournament 2022", "action_flag": 2, "change_message": "[{\"changed\": {\"fields\": [\"Image\"]}}]"}}, {"model": "admin.logentry", "pk": 3, "fields": {"action_time": "2023-04-28T14:15:09.134Z", "user": 1, "content_type": 7, "object_id": "3", "object_repr": "I Tournament in shop", "action_flag": 2, "change_message": "[{\"changed\": {\"fields\": [\"Image\"]}}]"}}, {"model": "admin.logentry", "pk": 4, "fields": {"action_time": "2023-04-28T14:15:34.059Z", "user": 1, "content_type": 7, "object_id": "2", "object_repr": "II Tournament in shop", "action_flag": 2, "change_message": "[{\"changed\": {\"fields\": [\"Image\"]}}]"}}, {"model": "admin.logentry", "pk": 5, "fields": {"action_time": "2023-04-28T14:15:52.848Z", "user": 1, "content_type": 7, "object_id": "1", "object_repr": "III Tournament in shop", "action_flag": 2, "change_message": "[{\"changed\": {\"fields\": [\"Image\", \"Time control\"]}}]"}}, {"model": "admin.logentry", "pk": 6, "fields": {"action_time": "2023-04-28T14:20:36.492Z", "user": 1, "content_type": 7, "object_id": "5", "object_repr": "Dragon Stone Tournament 2022", "action_flag": 2, "change_message": "[{\"changed\": {\"fields\": [\"Name [pl]\", \"Is ended\", \"Start date\", \"End date\"]}}, {\"added\": {\"name\": \"Registration Info\", \"object\": \"Nowy turniej - Registration\"}}]"}}, {"model": "admin.logentry", "pk": 7, "fields": {"action_time": "2023-04-29T18:00:33.811Z", "user": 1, "content_type": 7, "object_id": "5", "object_repr": "Dragon Stone Tournament 2022", "action_flag": 2, "change_message": "[{\"added\": {\"name\": \"Tournament Result\", \"object\": \"wyniki\"}}]"}}, {"model": "admin.logentry", "pk": 8, "fields": {"action_time": "2023-04-29T18:43:33.805Z", "user": 1, "content_type": 7, "object_id": "5", "object_repr": "Dragon Stone Tournament 2022", "action_flag": 2, "change_message": "[{\"changed\": {\"fields\": [\"Name [pl]\"]}}]"}}, {"model": "admin.logentry", "pk": 9, "fields": {"action_time": "2023-04-29T18:43:53.562Z", "user": 1, "content_type": 7, "object_id": "5", "object_repr": "test tournament", "action_flag": 2, "change_message": "[{\"changed\": {\"fields\": [\"Name [en]\"]}}]"}}, {"model": "admin.logentry", "pk": 10, "fields": {"action_time": "2023-04-29T20:17:18.728Z", "user": 1, "content_type": 14, "object_id": "1", "object_repr": "Club meeting in Artefakt", "action_flag": 2, "change_message": "[{\"changed\": {\"fields\": [\"Code\", \"Address\"]}}]"}}, {"model": "admin.logentry", "pk": 11, "fields": {"action_time": "2023-05-01T16:36:12.548Z", "user": 1, "content_type": 7, "object_id": "5", "object_repr": "test tournament", "action_flag": 2, "change_message": "[{\"changed\": {\"name\": \"Registration Info\", \"object\": \"Testowy turniej - Registration\", \"fields\": [\"End date\"]}}]"}}, {"model": "admin.logentry", "pk": 12, "fields": {"action_time": "2023-05-02T08:41:25.287Z", "user": 1, "content_type": 7, "object_id": "5", "object_repr": "test tournament", "action_flag": 2, "change_message": "[{\"changed\": {\"name\": \"Registration Info\", \"object\": \"Testowy turniej - Registration\", \"fields\": [\"End date\", \"Player limit\"]}}, {\"deleted\": {\"name\": \"registered player\", \"object\": \"RegisteredPlayer object (None)\"}}, {\"deleted\": {\"name\": \"registered player\", \"object\": \"RegisteredPlayer object (None)\"}}, {\"deleted\": {\"name\": \"registered player\", \"object\": \"RegisteredPlayer object (None)\"}}, {\"deleted\": {\"name\": \"registered player\", \"object\": \"RegisteredPlayer object (None)\"}}, {\"deleted\": {\"name\": \"registered player\", \"object\": \"RegisteredPlayer object (None)\"}}, {\"deleted\": {\"name\": \"registered player\", \"object\": \"RegisteredPlayer object (None)\"}}, {\"changed\": {\"name\": \"Scheduled Activity\", \"object\": \"Rejestracja\", \"fields\": [\"Date\"]}}, {\"changed\": {\"name\": \"Scheduled Activity\", \"object\": \"Pierwsza runda\", \"fields\": [\"Date\"]}}, {\"changed\": {\"name\": \"Scheduled Activity\", \"object\": \"Druga runda\", \"fields\": [\"Date\"]}}, {\"changed\": {\"name\": \"Scheduled Activity\", \"object\": \"Przerwa obiadowa\", \"fields\": [\"Date\"]}}, {\"changed\": {\"name\": \"Scheduled Activity\", \"object\": \"Trzecia runda\", \"fields\": [\"Date\"]}}, {\"changed\": {\"name\": \"Scheduled Activity\", \"object\": \"After Party\", \"fields\": [\"Date\"]}}, {\"changed\": {\"name\": \"Scheduled Activity\", \"object\": \"Czwarta runda\", \"fields\": [\"Date\"]}}, {\"changed\": {\"name\": \"Scheduled Activity\", \"object\": \"Pi\\u0105ta runda\", \"fields\": [\"Date\"]}}, {\"changed\": {\"name\": \"Scheduled Activity\", \"object\": \"Og\\u0142oszenie wynik\\u00f3w i zako\\u0144czenie\", \"fields\": [\"Date\"]}}, {\"deleted\": {\"name\": \"Tournament Result\", \"object\": \"wyniki\"}}]"}}, {"model": "admin.logentry", "pk": 13, "fields": {"action_time": "2023-05-02T08:47:23.970Z", "user": 1, "content_type": 7, "object_id": "5", "object_repr": "Dragon Stone Tournament 2023", "action_flag": 2, "change_message": "[{\"changed\": {\"fields\": [\"Code\", \"Name [pl]\", \"Name [en]\", \"Description [pl]\", \"Description [en]\", \"Start date\", \"End date\", \"Address [en]\", \"Address map link [en]\", \"Fee [pl]\", \"Fee [en]\", \"Contact [en]\"]}}, {\"changed\": {\"name\": \"Registration Info\", \"object\": \"Turniej o Smoczy Kamie\\u0144 2023 - Registration\", \"fields\": [\"Description [pl]\", \"Description [en]\"]}}]"}}, {"model": "admin.logentry", "pk": 14, "fields": {"action_time": "2023-05-02T08:51:48.072Z", "user": 1, "content_type": 7, "object_id": "5", "object_repr": "Dragon Stone Tournament 2023", "action_flag": 2, "change_message": "[{\"changed\": {\"fields\": [\"Organizer\", \"Address [pl]\"]}}]"}}, {"model": "admin.logentry", "pk": 15, "fields": {"action_time": "2023-05-02T09:45:12.147Z", "user": 1, "content_type": 7, "object_id": "5", "object_repr": "Dragon Stone Tournament 2023", "action_flag": 2, "change_message": "[{\"deleted\": {\"name\": \"registered player\", \"object\": \"RegisteredPlayer object (None)\"}}]"}}, {"model": "admin.logentry", "pk": 16, "fields": {"action_time": "2023-05-02T15:20:46.662Z", "user": 1, "content_type": 7, "object_id": "5", "object_repr": "Dragon Stone Tournament 2023", "action_flag": 2, "change_message": "[{\"deleted\": {\"name\": \"registered player\", \"object\": \"RegisteredPlayer object (None)\"}}]"}}, {"model": "admin.logentry", "pk": 17, "fields": {"action_time": "2023-05-06T16:21:10.872Z", "user": 1, "content_type": 7, "object_id": "4", "object_repr": "Turniej o Smoczy Kamień 2022", "action_flag": 2, "change_message": "[{\"changed\": {\"fields\": [\"Description [pl]\", \"Description [en]\"]}}]"}}, {"model": "admin.logentry", "pk": 18, "fields": {"action_time": "2023-05-10T19:33:16.269Z", "user": 1, "content_type": 7, "object_id": "5", "object_repr": "Turniej o Smoczy Kamień 2023", "action_flag": 2, "change_message": "[{\"changed\": {\"fields\": [\"Description [pl]\", \"Description [en]\", \"Fee [pl]\", \"Fee [en]\"]}}, {\"changed\": {\"name\": \"Registration Info\", \"object\": \"Turniej o Smoczy Kamie\\u0144 2023 - Registration\", \"fields\": [\"Description [pl]\", \"Description [en]\"]}}]"}}, {"model": "admin.logentry", "pk": 19, "fields": {"action_time": "2023-05-10T19:33:20.348Z", "user": 1, "content_type": 7, "object_id": "5", "object_repr": "Turniej o Smoczy Kamień 2023", "action_flag": 2, "change_message": "[]"}}, {"model": "admin.logentry", "pk": 20, "fields": {"action_time": "2023-05-10T19:33:42.188Z", "user": 1, "content_type": 7, "object_id": "5", "object_repr": "Turniej Smoczy Kamień 2023", "action_flag": 2, "change_message": "[{\"changed\": {\"fields\": [\"Name [pl]\"]}}]"}}, {"model": "admin.logentry", "pk": 21, "fields": {"action_time": "2023-05-10T20:48:16.494Z", "user": 1, "content_type": 7, "object_id": "5", "object_repr": "Dragon Stone Tournament 2023", "action_flag": 2, "change_message": "[{\"changed\": {\"fields\": [\"Description [pl]\"]}}]"}}, {"model": "admin.logentry", "pk": 22, "fields": {"action_time": "2023-05-10T20:52:06.489Z", "user": 1, "content_type": 7, "object_id": "5", "object_repr": "Dragon Stone Tournament 2023", "action_flag": 2, "change_message": "[{\"deleted\": {\"name\": \"registered player\", \"object\": \"RegisteredPlayer object (None)\"}}]"}}, {"model": "admin.logentry", "pk": 23, "fields": {"action_time": "2023-05-11T15:19:24.745Z", "user": 1, "content_type": 14, "object_id": "1", "object_repr": "Club meeting in Artefakt", "action_flag": 2, "change_message": "[{\"changed\": {\"fields\": [\"Description [pl]\", \"Description [en]\"]}}]"}}, {"model": "admin.logentry", "pk": 24, "fields": {"action_time": "2023-05-11T16:08:50.854Z", "user": 1, "content_type": 7, "object_id": "5", "object_repr": "Dragon Stone Tournament 2023", "action_flag": 2, "change_message": "[{\"changed\": {\"name\": \"registered player\", \"object\": \"RegisteredPlayer object (77)\", \"fields\": [\"Egf pid\"]}}]"}}, {"model": "admin.logentry", "pk": 25, "fields": {"action_time": "2023-05-11T16:09:24.442Z", "user": 1, "content_type": 7, "object_id": "5", "object_repr": "Dragon Stone Tournament 2023", "action_flag": 2, "change_message": "[{\"changed\": {\"name\": \"registered player\", \"object\": \"RegisteredPlayer object (77)\", \"fields\": [\"Egf pid\"]}}]"}}, {"model": "admin.logentry", "pk": 26, "fields": {"action_time": "2023-05-11T19:11:07.873Z", "user": 1, "content_type": 7, "object_id": "3", "object_repr": "Turniej w Szopie I", "action_flag": 2, "change_message": "[{\"added\": {\"name\": \"Tournament Result\", \"object\": \"Wyniki turnieju\"}}]"}}, {"model": "admin.logentry", "pk": 27, "fields": {"action_time": "2023-05-11T19:19:12.116Z", "user": 1, "content_type": 7, "object_id": "1", "object_repr": "Turniej w Szopie III", "action_flag": 2, "change_message": "[{\"added\": {\"name\": \"Tournament Result\", \"object\": \"Wyniki turnieju\"}}]"}}, {"model": "admin.logentry", "pk": 28, "fields": {"action_time": "2023-05-11T19:19:40.200Z", "user": 1, "content_type": 7, "object_id": "2", "object_repr": "Turniej w Szopie II", "action_flag": 2, "change_message": "[{\"added\": {\"name\": \"Tournament Result\", \"object\": \"Wyniki turnieju\"}}]"}}, {"model": "admin.logentry", "pk": 29, "fields": {"action_time": "2023-05-11T19:22:07.150Z", "user": 1, "content_type": 7, "object_id": "2", "object_repr": "Turniej w Szopie II", "action_flag": 2, "change_message": "[{\"added\": {\"name\": \"Tournament Result\", \"object\": \"Wyniki turnieju\"}}, {\"deleted\": {\"name\": \"Tournament Result\", \"object\": \"Wyniki turnieju\"}}]"}}, {"model": "admin.logentry", "pk": 30, "fields": {"action_time": "2023-05-11T19:25:35.501Z", "user": 1, "content_type": 7, "object_id": "1", "object_repr": "Turniej w Szopie III", "action_flag": 2, "change_message": "[{\"added\": {\"name\": \"Tournament Result\", \"object\": \"Wyniki turnieju\"}}, {\"deleted\": {\"name\": \"Tournament Result\", \"object\": \"Wyniki turnieju\"}}]"}}, {"model": "admin.logentry", "pk": 31, "fields": {"action_time": "2023-05-11T19:29:05.093Z", "user": 1, "content_type": 7, "object_id": "4", "object_repr": "Turniej o Smoczy Kamień 2022", "action_flag": 2, "change_message": "[{\"added\": {\"name\": \"Tournament Result\", \"object\": \"Wyniki turnieju\"}}]"}}, {"model": "admin.logentry", "pk": 32, "fields": {"action_time": "2023-05-24T13:38:49.056Z", "user": 1, "content_type": 7, "object_id": "5", "object_repr": "Turniej Smoczy Kamień 2023", "action_flag": 2, "change_message": "[{\"changed\": {\"name\": \"Scheduled Activity\", \"object\": \"Rejestracja\", \"fields\": [\"Date\"]}}, {\"changed\": {\"name\": \"Scheduled Activity\", \"object\": \"Pierwsza runda\", \"fields\": [\"Date\"]}}, {\"changed\": {\"name\": \"Scheduled Activity\", \"object\": \"Druga runda\", \"fields\": [\"Date\"]}}, {\"changed\": {\"name\": \"Scheduled Activity\", \"object\": \"Przerwa obiadowa\", \"fields\": [\"Date\"]}}, {\"changed\": {\"name\": \"Scheduled Activity\", \"object\": \"Trzecia runda\", \"fields\": [\"Date\"]}}, {\"changed\": {\"name\": \"Scheduled Activity\", \"object\": \"After Party\", \"fields\": [\"Date\"]}}, {\"changed\": {\"name\": \"Scheduled Activity\", \"object\": \"Czwarta runda\", \"fields\": [\"Date\"]}}, {\"changed\": {\"name\": \"Scheduled Activity\", \"object\": \"Pi\\u0105ta runda\", \"fields\": [\"Date\"]}}, {\"changed\": {\"name\": \"Scheduled Activity\", \"object\": \"Og\\u0142oszenie wynik\\u00f3w i zako\\u0144czenie\", \"fields\": [\"Date\"]}}]"}}, {"model": "admin.logentry", "pk": 33, "fields": {"action_time": "2023-05-31T14:07:05.448Z", "user": 1, "content_type": 7, "object_id": "5", "object_repr": "Turniej Smoczy Kamień 2023", "action_flag": 2, "change_message": "[{\"changed\": {\"name\": \"registered player\", \"object\": \"RegisteredPlayer object (96)\", \"fields\": [\"Rank\"]}}]"}}, {"model": "admin.logentry", "pk": 34, "fields": {"action_time": "2023-06-01T14:08:21.502Z", "user": 1, "content_type": 13, "object_id": "2", "object_repr": "Afterparty after tournament", "action_flag": 1, "change_message": "[{\"added\": {}}]"}}, {"model": "admin.logentry", "pk": 35, "fields": {"action_time": "2023-06-01T14:08:39.517Z", "user": 1, "content_type": 13, "object_id": "2", "object_repr": "Afterparty after tournament", "action_flag": 2, "change_message": "[{\"changed\": {\"fields\": [\"Name [pl]\"]}}]"}}, {"model": "admin.logentry", "pk": 36, "fields": {"action_time": "2023-06-01T20:11:48.172Z", "user": 1, "content_type": 7, "object_id": "5", "object_repr": "Turniej Smoczy Kamień 2023", "action_flag": 2, "change_message": "[{\"added\": {\"name\": \"Tournament Result\", \"object\": \"Parowanie\"}}]"}}, {"model": "admin.logentry", "pk": 37, "fields": {"action_time": "2023-06-01T20:11:53.779Z", "user": 1, "content_type": 7, "object_id": "5", "object_repr": "Turniej Smoczy Kamień 2023", "action_flag": 2, "change_message": "[{\"added\": {\"name\": \"Tournament Result\", \"object\": \"Parowanie\"}}]"}}, {"model": "admin.logentry", "pk": 38, "fields": {"action_time": "2023-06-01T20:13:10.941Z", "user": 1, "content_type": 7, "object_id": "5", "object_repr": "Turniej Smoczy Kamień 2023", "action_flag": 3, "change_message": ""}}, {"model": "admin.logentry", "pk": 39, "fields": {"action_time": "2023-06-01T20:16:57.937Z", "user": 1, "content_type": 7, "object_id": "6", "object_repr": "Turniej Smoczy Kamień 2023", "action_flag": 2, "change_message": "[{\"changed\": {\"fields\": [\"Name [pl]\", \"Name [en]\", \"Description [pl]\", \"Description [en]\", \"Start date\", \"End date\", \"Fee [pl]\", \"Fee [en]\", \"Contact [en]\"]}}]"}}, {"model": "admin.logentry", "pk": 40, "fields": {"action_time": "2023-06-01T20:17:51.403Z", "user": 1, "content_type": 7, "object_id": "6", "object_repr": "Turniej Smoczy Kamień 2023", "action_flag": 2, "change_message": "[{\"changed\": {\"name\": \"Scheduled Activity\", \"object\": \"Rejestracja\", \"fields\": [\"Date\"]}}, {\"changed\": {\"name\": \"Scheduled Activity\", \"object\": \"Pierwsza runda\", \"fields\": [\"Date\"]}}, {\"changed\": {\"name\": \"Scheduled Activity\", \"object\": \"Druga runda\", \"fields\": [\"Date\"]}}, {\"changed\": {\"name\": \"Scheduled Activity\", \"object\": \"Przerwa obiadowa\", \"fields\": [\"Date\"]}}, {\"changed\": {\"name\": \"Scheduled Activity\", \"object\": \"Trzecia runda\", \"fields\": [\"Date\"]}}, {\"changed\": {\"name\": \"Scheduled Activity\", \"object\": \"After Party\", \"fields\": [\"Date\"]}}, {\"changed\": {\"name\": \"Scheduled Activity\", \"object\": \"Czwarta runda\", \"fields\": [\"Date\"]}}, {\"changed\": {\"name\": \"Scheduled Activity\", \"object\": \"Pi\\u0105ta runda\", \"fields\": [\"Date\"]}}, {\"changed\": {\"name\": \"Scheduled Activity\", \"object\": \"Og\\u0142oszenie wynik\\u00f3w i zako\\u0144czenie\", \"fields\": [\"Date\"]}}]"}}, {"model": "admin.logentry", "pk": 41, "fields": {"action_time": "2023-06-01T20:19:33.998Z", "user": 1, "content_type": 7, "object_id": "6", "object_repr": "Turniej Smoczy Kamień 2023", "action_flag": 2, "change_message": "[]"}}, {"model": "admin.logentry", "pk": 42, "fields": {"action_time": "2023-06-01T20:20:43.309Z", "user": 1, "content_type": 7, "object_id": "6", "object_repr": "Turniej Smoczy Kamień 2023", "action_flag": 2, "change_message": "[{\"changed\": {\"fields\": [\"Code\"]}}]"}}, {"model": "admin.logentry", "pk": 43, "fields": {"action_time": "2023-06-01T20:21:48.701Z", "user": 1, "content_type": 7, "object_id": "6", "object_repr": "Turniej Smoczy Kamień 2023", "action_flag": 2, "change_message": "[{\"added\": {\"name\": \"Registration Info\", \"object\": \"Turniej Smoczy Kamie\\u0144 2023 - Registration\"}}]"}}, {"model": "admin.logentry", "pk": 44, "fields": {"action_time": "2023-06-01T20:22:52.599Z", "user": 1, "content_type": 7, "object_id": "6", "object_repr": "Turniej Smoczy Kamień 2023", "action_flag": 2, "change_message": "[]"}}, {"model": "admin.logentry", "pk": 45, "fields": {"action_time": "2023-06-01T20:35:47.379Z", "user": 1, "content_type": 7, "object_id": "6", "object_repr": "Turniej Smoczy Kamień 2023", "action_flag": 2, "change_message": "[{\"added\": {\"name\": \"registered player\", \"object\": \"RegisteredPlayer object (98)\"}}, {\"added\": {\"name\": \"registered player\", \"object\": \"RegisteredPlayer object (99)\"}}, {\"added\": {\"name\": \"registered player\", \"object\": \"RegisteredPlayer object (100)\"}}, {\"added\": {\"name\": \"registered player\", \"object\": \"RegisteredPlayer object (101)\"}}, {\"added\": {\"name\": \"registered player\", \"object\": \"RegisteredPlayer object (102)\"}}, {\"added\": {\"name\": \"registered player\", \"object\": \"RegisteredPlayer object (103)\"}}, {\"added\": {\"name\": \"registered player\", \"object\": \"RegisteredPlayer object (104)\"}}, {\"added\": {\"name\": \"registered player\", \"object\": \"RegisteredPlayer object (105)\"}}, {\"added\": {\"name\": \"registered player\", \"object\": \"RegisteredPlayer object (106)\"}}, {\"added\": {\"name\": \"registered player\", \"object\": \"RegisteredPlayer object (107)\"}}, {\"added\": {\"name\": \"registered player\", \"object\": \"RegisteredPlayer object (108)\"}}, {\"added\": {\"name\": \"registered player\", \"object\": \"RegisteredPlayer object (109)\"}}, {\"added\": {\"name\": \"registered player\", \"object\": \"RegisteredPlayer object (110)\"}}, {\"added\": {\"name\": \"registered player\", \"object\": \"RegisteredPlayer object (111)\"}}, {\"added\": {\"name\": \"registered player\", \"object\": \"RegisteredPlayer object (112)\"}}, {\"added\": {\"name\": \"registered player\", \"object\": \"RegisteredPlayer object (113)\"}}, {\"added\": {\"name\": \"registered player\", \"object\": \"RegisteredPlayer object (114)\"}}, {\"added\": {\"name\": \"registered player\", \"object\": \"RegisteredPlayer object (115)\"}}, {\"added\": {\"name\": \"registered player\", \"object\": \"RegisteredPlayer object (116)\"}}, {\"added\": {\"name\": \"registered player\", \"object\": \"RegisteredPlayer object (117)\"}}]"}}, {"model": "admin.logentry", "pk": 46, "fields": {"action_time": "2023-06-01T20:38:42.740Z", "user": 1, "content_type": 7, "object_id": "6", "object_repr": "Turniej Smoczy Kamień 2023", "action_flag": 2, "change_message": "[{\"changed\": {\"fields\": [\"Is ended\"]}}]"}}, {"model": "admin.logentry", "pk": 47, "fields": {"action_time": "2023-06-02T10:30:15.974Z", "user": 1, "content_type": 7, "object_id": "6", "object_repr": "Dragon Stone Tournament 2023", "action_flag": 2, "change_message": "[{\"changed\": {\"name\": \"registered player\", \"object\": \"RegisteredPlayer object (108)\", \"fields\": [\"Email\", \"Phone\"]}}, {\"changed\": {\"name\": \"registered player\", \"object\": \"RegisteredPlayer object (110)\", \"fields\": [\"Phone\"]}}, {\"changed\": {\"name\": \"registered player\", \"object\": \"RegisteredPlayer object (113)\", \"fields\": [\"Email\", \"Phone\"]}}, {\"changed\": {\"name\": \"registered player\", \"object\": \"RegisteredPlayer object (115)\", \"fields\": [\"Email\"]}}]"}}, {"model": "admin.logentry", "pk": 48, "fields": {"action_time": "2023-06-02T18:18:33.313Z", "user": 1, "content_type": 7, "object_id": "6", "object_repr": "Turniej Smoczy Kamień 2023", "action_flag": 2, "change_message": "[{\"deleted\": {\"name\": \"registered player\", \"object\": \"RegisteredPlayer object (None)\"}}]"}}, {"model": "admin.logentry", "pk": 49, "fields": {"action_time": "2023-06-02T20:08:37.971Z", "user": 1, "content_type": 7, "object_id": "6", "object_repr": "Turniej Smoczy Kamień 2023", "action_flag": 2, "change_message": "[]"}}, {"model": "admin.logentry", "pk": 50, "fields": {"action_time": "2023-06-02T20:09:13.688Z", "user": 1, "content_type": 7, "object_id": "6", "object_repr": "Turniej Smoczy Kamień 2023", "action_flag": 2, "change_message": "[{\"changed\": {\"name\": \"Scheduled Activity\", \"object\": \"Przerwa obiadowa\", \"fields\": [\"Time\"]}}, {\"changed\": {\"name\": \"Scheduled Activity\", \"object\": \"Og\\u0142oszenie wynik\\u00f3w i zako\\u0144czenie\", \"fields\": [\"Time\"]}}]"}}, {"model": "admin.logentry", "pk": 51, "fields": {"action_time": "2023-06-03T07:45:50.334Z", "user": 1, "content_type": 7, "object_id": "6", "object_repr": "Turniej Smoczy Kamień 2023", "action_flag": 2, "change_message": "[{\"added\": {\"name\": \"Tournament Result\", \"object\": \"Parowanie\"}}]"}}, {"model": "admin.logentry", "pk": 52, "fields": {"action_time": "2023-06-03T08:52:48.047Z", "user": 1, "content_type": 7, "object_id": "6", "object_repr": "Turniej Smoczy Kamień 2023", "action_flag": 2, "change_message": "[{\"changed\": {\"name\": \"Tournament Result\", \"object\": \"Parowanie\", \"fields\": [\"Result file\"]}}]"}}, {"model": "admin.logentry", "pk": 53, "fields": {"action_time": "2023-06-03T08:59:00.827Z", "user": 1, "content_type": 7, "object_id": "6", "object_repr": "Turniej Smoczy Kamień 2023", "action_flag": 2, "change_message": "[{\"added\": {\"name\": \"Tournament Result\", \"object\": \"Wyniki\"}}]"}}, {"model": "admin.logentry", "pk": 54, "fields": {"action_time": "2023-06-03T09:11:10.428Z", "user": 1, "content_type": 7, "object_id": "6", "object_repr": "Turniej Smoczy Kamień 2023", "action_flag": 2, "change_message": "[{\"changed\": {\"name\": \"Tournament Result\", \"object\": \"Parowanie\", \"fields\": [\"Result file\"]}}, {\"changed\": {\"name\": \"Tournament Result\", \"object\": \"Wyniki\", \"fields\": [\"Result file\"]}}]"}}, {"model": "admin.logentry", "pk": 55, "fields": {"action_time": "2023-06-03T09:43:11.959Z", "user": 1, "content_type": 7, "object_id": "6", "object_repr": "Turniej Smoczy Kamień 2023", "action_flag": 2, "change_message": "[{\"changed\": {\"name\": \"Tournament Result\", \"object\": \"Parowanie\", \"fields\": [\"Result file\"]}}, {\"changed\": {\"name\": \"Tournament Result\", \"object\": \"Wyniki\", \"fields\": [\"Result file\"]}}]"}}, {"model": "admin.logentry", "pk": 56, "fields": {"action_time": "2023-06-03T09:51:43.402Z", "user": 1, "content_type": 7, "object_id": "6", "object_repr": "Turniej Smoczy Kamień 2023", "action_flag": 2, "change_message": "[{\"changed\": {\"name\": \"Tournament Result\", \"object\": \"Parowanie\", \"fields\": [\"Result file\"]}}, {\"changed\": {\"name\": \"Tournament Result\", \"object\": \"Wyniki\", \"fields\": [\"Result file\"]}}]"}}, {"model": "admin.logentry", "pk": 57, "fields": {"action_time": "2023-06-03T10:02:33.960Z", "user": 1, "content_type": 7, "object_id": "6", "object_repr": "Turniej Smoczy Kamień 2023", "action_flag": 2, "change_message": "[{\"changed\": {\"name\": \"Tournament Result\", \"object\": \"Parowanie\", \"fields\": [\"Result file\"]}}, {\"changed\": {\"name\": \"Tournament Result\", \"object\": \"Wyniki\", \"fields\": [\"Result file\"]}}]"}}, {"model": "admin.logentry", "pk": 58, "fields": {"action_time": "2023-06-03T10:09:03.611Z", "user": 1, "content_type": 7, "object_id": "6", "object_repr": "Turniej Smoczy Kamień 2023", "action_flag": 2, "change_message": "[{\"changed\": {\"name\": \"Tournament Result\", \"object\": \"Parowanie\", \"fields\": [\"Result file\"]}}]"}}, {"model": "admin.logentry", "pk": 59, "fields": {"action_time": "2023-06-03T11:56:15.661Z", "user": 1, "content_type": 7, "object_id": "6", "object_repr": "Turniej Smoczy Kamień 2023", "action_flag": 2, "change_message": "[{\"changed\": {\"name\": \"Tournament Result\", \"object\": \"Parowanie\", \"fields\": [\"Result file\"]}}]"}}, {"model": "admin.logentry", "pk": 60, "fields": {"action_time": "2023-06-03T12:23:39.384Z", "user": 1, "content_type": 7, "object_id": "6", "object_repr": "Turniej Smoczy Kamień 2023", "action_flag": 2, "change_message": "[{\"changed\": {\"name\": \"Tournament Result\", \"object\": \"Parowanie\", \"fields\": [\"Result file\"]}}]"}}, {"model": "admin.logentry", "pk": 61, "fields": {"action_time": "2023-06-03T13:10:13.147Z", "user": 1, "content_type": 7, "object_id": "6", "object_repr": "Turniej Smoczy Kamień 2023", "action_flag": 2, "change_message": "[{\"changed\": {\"name\": \"Tournament Result\", \"object\": \"Parowanie\", \"fields\": [\"Result file\"]}}, {\"changed\": {\"name\": \"Tournament Result\", \"object\": \"Wyniki\", \"fields\": [\"Result file\"]}}]"}}, {"model": "admin.logentry", "pk": 62, "fields": {"action_time": "2023-06-03T16:38:27.218Z", "user": 1, "content_type": 7, "object_id": "6", "object_repr": "Turniej Smoczy Kamień 2023", "action_flag": 2, "change_message": "[{\"changed\": {\"name\": \"Tournament Result\", \"object\": \"Parowanie\", \"fields\": [\"Result file\"]}}, {\"changed\": {\"name\": \"Tournament Result\", \"object\": \"Wyniki\", \"fields\": [\"Result file\"]}}]"}}, {"model": "admin.logentry", "pk": 63, "fields": {"action_time": "2023-06-04T07:15:24.021Z", "user": 1, "content_type": 7, "object_id": "7", "object_repr": "Turniej Smoczy Kamień 2024", "action_flag": 2, "change_message": "[{\"changed\": {\"fields\": [\"Code\", \"Name [pl]\", \"Name [en]\", \"Is draft\", \"Start date\", \"End date\", \"Prizes [pl]\", \"Prizes [en]\", \"Fee [pl]\", \"Fee [en]\"]}}]"}}, {"model": "admin.logentry", "pk": 64, "fields": {"action_time": "2023-06-04T07:32:04.942Z", "user": 1, "content_type": 7, "object_id": "7", "object_repr": "Turniej Smoczy Kamień 2024", "action_flag": 2, "change_message": "[]"}}, {"model": "admin.logentry", "pk": 65, "fields": {"action_time": "2023-06-04T07:33:33.389Z", "user": 1, "content_type": 7, "object_id": "6", "object_repr": "Turniej Smoczy Kamień 2023", "action_flag": 2, "change_message": "[{\"changed\": {\"name\": \"Tournament Result\", \"object\": \"Parowanie\", \"fields\": [\"Result file\"]}}]"}}, {"model": "admin.logentry", "pk": 66, "fields": {"action_time": "2023-06-04T07:38:29.393Z", "user": 1, "content_type": 7, "object_id": "6", "object_repr": "Turniej Smoczy Kamień 2023", "action_flag": 2, "change_message": "[{\"changed\": {\"name\": \"Tournament Result\", \"object\": \"Parowanie\", \"fields\": [\"Result file\"]}}]"}}, {"model": "admin.logentry", "pk": 67, "fields": {"action_time": "2023-06-04T07:55:00.730Z", "user": 1, "content_type": 7, "object_id": "6", "object_repr": "Turniej Smoczy Kamień 2023", "action_flag": 2, "change_message": "[]"}}, {"model": "admin.logentry", "pk": 68, "fields": {"action_time": "2023-06-04T07:57:52.208Z", "user": 1, "content_type": 7, "object_id": "6", "object_repr": "Turniej Smoczy Kamień 2023", "action_flag": 2, "change_message": "[{\"changed\": {\"name\": \"Tournament Result\", \"object\": \"Parowanie\", \"fields\": [\"Result file\"]}}]"}}, {"model": "admin.logentry", "pk": 69, "fields": {"action_time": "2023-06-04T08:03:53.764Z", "user": 1, "content_type": 7, "object_id": "8", "object_repr": "Turniej w Szopie IV", "action_flag": 2, "change_message": "[{\"changed\": {\"fields\": [\"Code\", \"Name [pl]\", \"Name [en]\", \"Is draft\", \"Is ended\", \"Description [pl]\", \"Description [en]\", \"Start date\", \"End date\", \"Prizes [pl]\", \"Prizes [en]\"]}}]"}}, {"model": "admin.logentry", "pk": 70, "fields": {"action_time": "2023-06-04T08:05:05.808Z", "user": 1, "content_type": 7, "object_id": "8", "object_repr": "Turniej w Szopie IV", "action_flag": 2, "change_message": "[{\"added\": {\"name\": \"Registration Info\", \"object\": \"Turniej w Szopie IV - Registration\"}}, {\"changed\": {\"name\": \"Scheduled Activity\", \"object\": \"Rejestracja\", \"fields\": [\"Date\"]}}, {\"changed\": {\"name\": \"Scheduled Activity\", \"object\": \"Pierwsza runda\", \"fields\": [\"Date\"]}}, {\"changed\": {\"name\": \"Scheduled Activity\", \"object\": \"Druga runda\", \"fields\": [\"Date\"]}}, {\"changed\": {\"name\": \"Scheduled Activity\", \"object\": \"Przerwa obiadowa\", \"fields\": [\"Date\"]}}, {\"changed\": {\"name\": \"Scheduled Activity\", \"object\": \"Trzecia runda\", \"fields\": [\"Date\"]}}, {\"changed\": {\"name\": \"Scheduled Activity\", \"object\": \"Czwarta runda\", \"fields\": [\"Date\"]}}, {\"changed\": {\"name\": \"Scheduled Activity\", \"object\": \"Zako\\u0144czenie\", \"fields\": [\"Date\"]}}]"}}, {"model": "admin.logentry", "pk": 71, "fields": {"action_time": "2023-06-04T08:06:10.217Z", "user": 1, "content_type": 7, "object_id": "7", "object_repr": "Turniej Smoczy Kamień 2024", "action_flag": 2, "change_message": "[{\"changed\": {\"name\": \"Scheduled Activity\", \"object\": \"Rejestracja\", \"fields\": [\"Date\"]}}, {\"changed\": {\"name\": \"Scheduled Activity\", \"object\": \"Pierwsza runda\", \"fields\": [\"Date\"]}}, {\"changed\": {\"name\": \"Scheduled Activity\", \"object\": \"Druga runda\", \"fields\": [\"Date\"]}}, {\"changed\": {\"name\": \"Scheduled Activity\", \"object\": \"Przerwa obiadowa\", \"fields\": [\"Date\"]}}, {\"changed\": {\"name\": \"Scheduled Activity\", \"object\": \"Trzecia runda\", \"fields\": [\"Date\"]}}, {\"changed\": {\"name\": \"Scheduled Activity\", \"object\": \"After Party\", \"fields\": [\"Date\"]}}, {\"changed\": {\"name\": \"Scheduled Activity\", \"object\": \"Czwarta runda\", \"fields\": [\"Date\"]}}, {\"changed\": {\"name\": \"Scheduled Activity\", \"object\": \"Pi\\u0105ta runda\", \"fields\": [\"Date\"]}}, {\"changed\": {\"name\": \"Scheduled Activity\", \"object\": \"Og\\u0142oszenie wynik\\u00f3w i zako\\u0144czenie\", \"fields\": [\"Date\"]}}]"}}, {"model": "admin.logentry", "pk": 72, "fields": {"action_time": "2023-06-04T09:18:46.541Z", "user": 1, "content_type": 7, "object_id": "7", "object_repr": "Turniej Smoczy Kamień 2024", "action_flag": 2, "change_message": "[{\"changed\": {\"fields\": [\"Additional info [pl]\", \"Additional info [en]\"]}}]"}}, {"model": "admin.logentry", "pk": 73, "fields": {"action_time": "2023-06-04T09:37:28.761Z", "user": 1, "content_type": 7, "object_id": "6", "object_repr": "Turniej Smoczy Kamień 2023", "action_flag": 2, "change_message": "[{\"changed\": {\"name\": \"Tournament Result\", \"object\": \"Parowanie\", \"fields\": [\"Result file\"]}}]"}}, {"model": "admin.logentry", "pk": 74, "fields": {"action_time": "2023-06-04T10:18:28.366Z", "user": 1, "content_type": 7, "object_id": "6", "object_repr": "Turniej Smoczy Kamień 2023", "action_flag": 2, "change_message": "[{\"changed\": {\"name\": \"Tournament Result\", \"object\": \"Parowanie\", \"fields\": [\"Result file\"]}}, {\"changed\": {\"name\": \"Tournament Result\", \"object\": \"Wyniki\", \"fields\": [\"Result file\"]}}]"}}, {"model": "admin.logentry", "pk": 75, "fields": {"action_time": "2023-06-04T10:18:37.210Z", "user": 1, "content_type": 7, "object_id": "6", "object_repr": "Turniej Smoczy Kamień 2023", "action_flag": 2, "change_message": "[{\"changed\": {\"name\": \"Tournament Result\", \"object\": \"Parowanie\", \"fields\": [\"Result file\"]}}, {\"changed\": {\"name\": \"Tournament Result\", \"object\": \"Wyniki\", \"fields\": [\"Result file\"]}}]"}}, {"model": "admin.logentry", "pk": 76, "fields": {"action_time": "2023-06-04T10:21:32.683Z", "user": 1, "content_type": 7, "object_id": "6", "object_repr": "Turniej Smoczy Kamień 2023", "action_flag": 2, "change_message": "[{\"changed\": {\"name\": \"Tournament Result\", \"object\": \"Parowanie\", \"fields\": [\"Result file\"]}}, {\"changed\": {\"name\": \"Tournament Result\", \"object\": \"Wyniki\", \"fields\": [\"Result file\"]}}]"}}, {"model": "admin.logentry", "pk": 77, "fields": {"action_time": "2023-06-04T12:25:22.944Z", "user": 1, "content_type": 7, "object_id": "6", "object_repr": "Turniej Smoczy Kamień 2023", "action_flag": 2, "change_message": "[{\"changed\": {\"name\": \"Tournament Result\", \"object\": \"Wyniki\", \"fields\": [\"Result file\"]}}, {\"deleted\": {\"name\": \"Tournament Result\", \"object\": \"Parowanie\"}}]"}}, {"model": "admin.logentry", "pk": 78, "fields": {"action_time": "2023-06-05T12:52:02.136Z", "user": 1, "content_type": 7, "object_id": "7", "object_repr": "Dragon Stone Tournament 2024", "action_flag": 2, "change_message": "[{\"added\": {\"name\": \"Registration Info\", \"object\": \"Turniej Smoczy Kamie\\u0144 2024 - Registration\"}}]"}}, {"model": "admin.logentry", "pk": 79, "fields": {"action_time": "2023-06-05T12:59:23.416Z", "user": 1, "content_type": 7, "object_id": "7", "object_repr": "Dragon Stone Tournament 2024", "action_flag": 2, "change_message": "[{\"changed\": {\"fields\": [\"Is ended\"]}}]"}}, {"model": "admin.logentry", "pk": 80, "fields": {"action_time": "2023-06-05T13:09:56.589Z", "user": 1, "content_type": 7, "object_id": "6", "object_repr": "Dragon Stone Tournament 2023", "action_flag": 2, "change_message": "[{\"changed\": {\"fields\": [\"Is ended\"]}}]"}}, {"model": "admin.logentry", "pk": 81, "fields": {"action_time": "2023-06-05T13:10:10.300Z", "user": 1, "content_type": 7, "object_id": "7", "object_repr": "Dragon Stone Tournament 2024", "action_flag": 2, "change_message": "[{\"changed\": {\"fields\": [\"Is ended\"]}}]"}}, {"model": "admin.logentry", "pk": 82, "fields": {"action_time": "2023-06-11T15:18:48.431Z", "user": 1, "content_type": 7, "object_id": "7", "object_repr": "Dragon Stone Tournament 2024", "action_flag": 2, "change_message": "[{\"changed\": {\"name\": \"Registration Info\", \"object\": \"Turniej Smoczy Kamie\\u0144 2024 - Registration\", \"fields\": [\"Email required\"]}}]"}}, {"model": "admin.logentry", "pk": 83, "fields": {"action_time": "2023-06-12T16:31:45.560Z", "user": 1, "content_type": 7, "object_id": "8", "object_repr": "Turniej w Szopie IV", "action_flag": 2, "change_message": "[{\"changed\": {\"fields\": [\"Description [pl]\", \"Description [en]\", \"Start date\", \"End date\"]}}]"}}, {"model": "admin.logentry", "pk": 84, "fields": {"action_time": "2023-06-12T16:33:49.136Z", "user": 1, "content_type": 7, "object_id": "7", "object_repr": "Turniej Smoczy Kamień 2024", "action_flag": 2, "change_message": "[{\"changed\": {\"fields\": [\"Additional info [pl]\", \"Additional info [en]\"]}}]"}}, {"model": "admin.logentry", "pk": 85, "fields": {"action_time": "2023-06-15T20:56:46.184Z", "user": 1, "content_type": 7, "object_id": "8", "object_repr": "Turniej o Kufel Artefaktu", "action_flag": 2, "change_message": "[{\"changed\": {\"fields\": [\"Code\", \"Name [pl]\", \"Name [en]\", \"Image\", \"Description [pl]\", \"Description [en]\", \"Referee\", \"Place [pl]\", \"Place [en]\", \"Address [pl]\", \"Address [en]\", \"Address map link [pl]\", \"Prizes [pl]\", \"Prizes [en]\"]}}]"}}, {"model": "admin.logentry", "pk": 86, "fields": {"action_time": "2023-06-15T20:58:24.472Z", "user": 1, "content_type": 7, "object_id": "8", "object_repr": "Turniej o Kufel Artefaktu", "action_flag": 2, "change_message": "[{\"changed\": {\"fields\": [\"Handicap rules [pl]\", \"Handicap rules [en]\"]}}]"}}, {"model": "admin.logentry", "pk": 87, "fields": {"action_time": "2023-06-15T20:58:57.314Z", "user": 1, "content_type": 7, "object_id": "8", "object_repr": "Turniej o Kufel Artefaktu", "action_flag": 2, "change_message": "[{\"changed\": {\"fields\": [\"Is draft\", \"Description [pl]\", \"Description [en]\"]}}]"}}, {"model": "admin.logentry", "pk": 88, "fields": {"action_time": "2023-06-15T21:00:36.613Z", "user": 1, "content_type": 7, "object_id": "8", "object_repr": "Turniej o Kufel Artefaktu", "action_flag": 2, "change_message": "[{\"changed\": {\"fields\": [\"Image\"]}}]"}}, {"model": "admin.logentry", "pk": 89, "fields": {"action_time": "2023-06-15T21:02:03.317Z", "user": 1, "content_type": 7, "object_id": "7", "object_repr": "Turniej Smoczy Kamień 2024", "action_flag": 2, "change_message": "[{\"changed\": {\"fields\": [\"Is draft\"]}}]"}}, {"model": "admin.logentry", "pk": 90, "fields": {"action_time": "2023-06-15T21:02:24.270Z", "user": 1, "content_type": 7, "object_id": "7", "object_repr": "Turniej Smoczy Kamień 2024", "action_flag": 2, "change_message": "[{\"changed\": {\"fields\": [\"Is draft\"]}}]"}}, {"model": "admin.logentry", "pk": 91, "fields": {"action_time": "2023-06-15T21:10:21.505Z", "user": 1, "content_type": 7, "object_id": "8", "object_repr": "Turniej o Kufel Artefaktu", "action_flag": 2, "change_message": "[{\"changed\": {\"fields\": [\"End date\"]}}]"}}, {"model": "admin.logentry", "pk": 92, "fields": {"action_time": "2023-06-15T21:18:45.639Z", "user": 1, "content_type": 7, "object_id": "8", "object_repr": "Turniej o Kufel Artefaktu", "action_flag": 2, "change_message": "[{\"changed\": {\"fields\": [\"Start date\"]}}, {\"changed\": {\"name\": \"Registration Info\", \"object\": \"Turniej o Kufel Artefaktu - Registration\", \"fields\": [\"End date\"]}}]"}}, {"model": "admin.logentry", "pk": 93, "fields": {"action_time": "2023-06-15T21:26:12.532Z", "user": 1, "content_type": 7, "object_id": "8", "object_repr": "Turniej o Kufel Artefaktu", "action_flag": 2, "change_message": "[{\"changed\": {\"fields\": [\"Start date\"]}}]"}}, {"model": "admin.logentry", "pk": 94, "fields": {"action_time": "2023-06-15T21:26:56.818Z", "user": 1, "content_type": 7, "object_id": "8", "object_repr": "Turniej o Kufel Artefaktu", "action_flag": 2, "change_message": "[{\"changed\": {\"name\": \"Registration Info\", \"object\": \"Turniej o Kufel Artefaktu - Registration\", \"fields\": [\"End date\"]}}]"}}, {"model": "admin.logentry", "pk": 95, "fields": {"action_time": "2023-06-15T21:27:33.168Z", "user": 1, "content_type": 7, "object_id": "8", "object_repr": "Turniej o Kufel Artefaktu", "action_flag": 2, "change_message": "[{\"changed\": {\"name\": \"Scheduled Activity\", \"object\": \"Rejestracja\", \"fields\": [\"Date\"]}}, {\"changed\": {\"name\": \"Scheduled Activity\", \"object\": \"Pierwsza runda\", \"fields\": [\"Date\"]}}, {\"changed\": {\"name\": \"Scheduled Activity\", \"object\": \"Druga runda\", \"fields\": [\"Date\"]}}, {\"changed\": {\"name\": \"Scheduled Activity\", \"object\": \"Przerwa obiadowa\", \"fields\": [\"Date\"]}}, {\"changed\": {\"name\": \"Scheduled Activity\", \"object\": \"Trzecia runda\", \"fields\": [\"Date\"]}}, {\"changed\": {\"name\": \"Scheduled Activity\", \"object\": \"Czwarta runda\", \"fields\": [\"Date\"]}}, {\"changed\": {\"name\": \"Scheduled Activity\", \"object\": \"Zako\\u0144czenie\", \"fields\": [\"Date\"]}}]"}}, {"model": "admin.logentry", "pk": 96, "fields": {"action_time": "2023-06-20T12:57:13.296Z", "user": 1, "content_type": 7, "object_id": "8", "object_repr": "Turniej o Kufel Artefaktu", "action_flag": 2, "change_message": "[{\"changed\": {\"fields\": [\"Description [pl]\", \"Description [en]\", \"Additional info [pl]\", \"Additional info [en]\", \"Address map link [en]\", \"Contact [en]\"]}}, {\"changed\": {\"name\": \"Registration Info\", \"object\": \"Turniej o Kufel Artefaktu - Registration\", \"fields\": [\"Description [pl]\", \"Description [en]\"]}}]"}}, {"model": "admin.logentry", "pk": 97, "fields": {"action_time": "2023-07-20T18:39:30.670Z", "user": 1, "content_type": 7, "object_id": "8", "object_repr": "Turniej o Kufel Artefaktu", "action_flag": 2, "change_message": "[{\"changed\": {\"fields\": [\"Description [pl]\", \"Description [en]\"]}}]"}}, {"model": "admin.logentry", "pk": 98, "fields": {"action_time": "2023-07-20T18:40:51.340Z", "user": 1, "content_type": 7, "object_id": "8", "object_repr": "Turniej o Kufel Artefaktu", "action_flag": 2, "change_message": "[{\"changed\": {\"name\": \"Registration Info\", \"object\": \"Turniej o Kufel Artefaktu - Registration\", \"fields\": [\"Description [pl]\", \"Description [en]\"]}}]"}}, {"model": "admin.logentry", "pk": 99, "fields": {"action_time": "2023-08-07T09:28:30.564Z", "user": 1, "content_type": 7, "object_id": "8", "object_repr": "Artefakt Cup", "action_flag": 2, "change_message": "[{\"changed\": {\"name\": \"registered player\", \"object\": \"RegisteredPlayer object (137)\", \"fields\": [\"First name\"]}}]"}}, {"model": "admin.logentry", "pk": 100, "fields": {"action_time": "2023-08-15T12:19:17.187Z", "user": 1, "content_type": 7, "object_id": "8", "object_repr": "Artefakt Cup", "action_flag": 2, "change_message": "[{\"changed\": {\"name\": \"registered player\", \"object\": \"RegisteredPlayer object (120)\", \"fields\": [\"First name\", \"Last name\", \"Rank\", \"Email\", \"Phone\", \"Egf pid\"]}}, {\"changed\": {\"name\": \"registered player\", \"object\": \"RegisteredPlayer object (121)\", \"fields\": [\"Last name\", \"Rank\", \"Email\", \"Phone\", \"Egf pid\"]}}, {\"changed\": {\"name\": \"registered player\", \"object\": \"RegisteredPlayer object (122)\", \"fields\": [\"Last name\", \"Rank\", \"Email\", \"Phone\", \"Egf pid\"]}}, {\"changed\": {\"name\": \"registered player\", \"object\": \"RegisteredPlayer object (123)\", \"fields\": [\"Last name\", \"Rank\", \"Email\", \"Phone\", \"Egf pid\"]}}, {\"changed\": {\"name\": \"registered player\", \"object\": \"RegisteredPlayer object (124)\", \"fields\": [\"First name\", \"Last name\", \"Rank\", \"Email\", \"Phone\", \"Egf pid\"]}}, {\"changed\": {\"name\": \"registered player\", \"object\": \"RegisteredPlayer object (125)\", \"fields\": [\"Last name\", \"Rank\", \"Email\"]}}, {\"changed\": {\"name\": \"registered player\", \"object\": \"RegisteredPlayer object (126)\", \"fields\": [\"Last name\", \"Rank\", \"Egf pid\"]}}, {\"changed\": {\"name\": \"registered player\", \"object\": \"RegisteredPlayer object (127)\", \"fields\": [\"Last name\", \"Rank\", \"Email\", \"Phone\", \"Egf pid\"]}}, {\"changed\": {\"name\": \"registered player\", \"object\": \"RegisteredPlayer object (128)\", \"fields\": [\"Last name\", \"Rank\", \"Email\", \"Phone\", \"Egf pid\"]}}, {\"changed\": {\"name\": \"registered player\", \"object\": \"RegisteredPlayer object (129)\", \"fields\": [\"Last name\", \"Rank\", \"Egf pid\"]}}, {\"changed\": {\"name\": \"registered player\", \"object\": \"RegisteredPlayer object (130)\", \"fields\": [\"Last name\", \"Rank\", \"Phone\", \"Egf pid\"]}}, {\"changed\": {\"name\": \"registered player\", \"object\": \"RegisteredPlayer object (131)\", \"fields\": [\"Last name\", \"Rank\", \"Email\", \"Phone\", \"Egf pid\"]}}, {\"changed\": {\"name\": \"registered player\", \"object\": \"RegisteredPlayer object (132)\", \"fields\": [\"Last name\", \"Rank\", \"Email\"]}}, {\"changed\": {\"name\": \"registered player\", \"object\": \"RegisteredPlayer object (133)\", \"fields\": [\"Last name\", \"Rank\", \"Email\", \"Phone\", \"Egf pid\"]}}, {\"changed\": {\"name\": \"registered player\", \"object\": \"RegisteredPlayer object (134)\", \"fields\": [\"Last name\", \"Email\", \"Phone\", \"Egf pid\"]}}, {\"changed\": {\"name\": \"registered player\", \"object\": \"RegisteredPlayer object (135)\", \"fields\": [\"Last name\", \"Rank\", \"Email\", \"Phone\"]}}, {\"changed\": {\"name\": \"registered player\", \"object\": \"RegisteredPlayer object (136)\", \"fields\": [\"Last name\", \"Rank\", \"Email\", \"Phone\", \"Egf pid\"]}}, {\"changed\": {\"name\": \"registered player\", \"object\": \"RegisteredPlayer object (137)\", \"fields\": [\"First name\", \"Last name\", \"Email\", \"Phone\", \"Egf pid\"]}}, {\"changed\": {\"name\": \"registered player\", \"object\": \"RegisteredPlayer object (138)\", \"fields\": [\"Last name\", \"Rank\", \"Email\", \"Phone\", \"Egf pid\"]}}, {\"changed\": {\"name\": \"registered player\", \"object\": \"RegisteredPlayer object (139)\", \"fields\": [\"Last name\", \"Rank\", \"City club\", \"Phone\"]}}, {\"changed\": {\"name\": \"registered player\", \"object\": \"RegisteredPlayer object (140)\", \"fields\": [\"Last name\", \"Rank\", \"Email\", \"Phone\"]}}, {\"changed\": {\"name\": \"registered player\", \"object\": \"RegisteredPlayer object (141)\", \"fields\": [\"Last name\", \"Rank\", \"City club\", \"Email\", \"Phone\", \"Egf pid\"]}}, {\"changed\": {\"name\": \"registered player\", \"object\": \"RegisteredPlayer object (142)\", \"fields\": [\"First name\", \"Last name\", \"Rank\", \"City club\", \"Country\", \"Email\", \"Phone\", \"Egf pid\"]}}, {\"changed\": {\"name\": \"registered player\", \"object\": \"RegisteredPlayer object (143)\", \"fields\": [\"Last name\", \"Email\", \"Phone\", \"Egf pid\"]}}]"}}, {"model": "auth.permission", "pk": 1, "fields": {"name": "Can add log entry", "content_type": 1, "codename": "add_logentry"}}, {"model": "auth.permission", "pk": 2, "fields": {"name": "Can change log entry", "content_type": 1, "codename": "change_logentry"}}, {"model": "auth.permission", "pk": 3, "fields": {"name": "Can delete log entry", "content_type": 1, "codename": "delete_logentry"}}, {"model": "auth.permission", "pk": 4, "fields": {"name": "Can view log entry", "content_type": 1, "codename": "view_logentry"}}, {"model": "auth.permission", "pk": 5, "fields": {"name": "Can add permission", "content_type": 2, "codename": "add_permission"}}, {"model": "auth.permission", "pk": 6, "fields": {"name": "Can change permission", "content_type": 2, "codename": "change_permission"}}, {"model": "auth.permission", "pk": 7, "fields": {"name": "Can delete permission", "content_type": 2, "codename": "delete_permission"}}, {"model": "auth.permission", "pk": 8, "fields": {"name": "Can view permission", "content_type": 2, "codename": "view_permission"}}, {"model": "auth.permission", "pk": 9, "fields": {"name": "Can add group", "content_type": 3, "codename": "add_group"}}, {"model": "auth.permission", "pk": 10, "fields": {"name": "Can change group", "content_type": 3, "codename": "change_group"}}, {"model": "auth.permission", "pk": 11, "fields": {"name": "Can delete group", "content_type": 3, "codename": "delete_group"}}, {"model": "auth.permission", "pk": 12, "fields": {"name": "Can view group", "content_type": 3, "codename": "view_group"}}, {"model": "auth.permission", "pk": 13, "fields": {"name": "Can add user", "content_type": 4, "codename": "add_user"}}, {"model": "auth.permission", "pk": 14, "fields": {"name": "Can change user", "content_type": 4, "codename": "change_user"}}, {"model": "auth.permission", "pk": 15, "fields": {"name": "Can delete user", "content_type": 4, "codename": "delete_user"}}, {"model": "auth.permission", "pk": 16, "fields": {"name": "Can view user", "content_type": 4, "codename": "view_user"}}, {"model": "auth.permission", "pk": 17, "fields": {"name": "Can add content type", "content_type": 5, "codename": "add_contenttype"}}, {"model": "auth.permission", "pk": 18, "fields": {"name": "Can change content type", "content_type": 5, "codename": "change_contenttype"}}, {"model": "auth.permission", "pk": 19, "fields": {"name": "Can delete content type", "content_type": 5, "codename": "delete_contenttype"}}, {"model": "auth.permission", "pk": 20, "fields": {"name": "Can view content type", "content_type": 5, "codename": "view_contenttype"}}, {"model": "auth.permission", "pk": 21, "fields": {"name": "Can add session", "content_type": 6, "codename": "add_session"}}, {"model": "auth.permission", "pk": 22, "fields": {"name": "Can change session", "content_type": 6, "codename": "change_session"}}, {"model": "auth.permission", "pk": 23, "fields": {"name": "Can delete session", "content_type": 6, "codename": "delete_session"}}, {"model": "auth.permission", "pk": 24, "fields": {"name": "Can view session", "content_type": 6, "codename": "view_session"}}, {"model": "auth.permission", "pk": 25, "fields": {"name": "Can add tournament", "content_type": 7, "codename": "add_tournament"}}, {"model": "auth.permission", "pk": 26, "fields": {"name": "Can change tournament", "content_type": 7, "codename": "change_tournament"}}, {"model": "auth.permission", "pk": 27, "fields": {"name": "Can delete tournament", "content_type": 7, "codename": "delete_tournament"}}, {"model": "auth.permission", "pk": 28, "fields": {"name": "Can view tournament", "content_type": 7, "codename": "view_tournament"}}, {"model": "auth.permission", "pk": 29, "fields": {"name": "Can add Tournament Result", "content_type": 8, "codename": "add_tournamentresult"}}, {"model": "auth.permission", "pk": 30, "fields": {"name": "Can change Tournament Result", "content_type": 8, "codename": "change_tournamentresult"}}, {"model": "auth.permission", "pk": 31, "fields": {"name": "Can delete Tournament Result", "content_type": 8, "codename": "delete_tournamentresult"}}, {"model": "auth.permission", "pk": 32, "fields": {"name": "Can view Tournament Result", "content_type": 8, "codename": "view_tournamentresult"}}, {"model": "auth.permission", "pk": 33, "fields": {"name": "Can add Scheduled Activity", "content_type": 9, "codename": "add_scheduledactivity"}}, {"model": "auth.permission", "pk": 34, "fields": {"name": "Can change Scheduled Activity", "content_type": 9, "codename": "change_scheduledactivity"}}, {"model": "auth.permission", "pk": 35, "fields": {"name": "Can delete Scheduled Activity", "content_type": 9, "codename": "delete_scheduledactivity"}}, {"model": "auth.permission", "pk": 36, "fields": {"name": "Can view Scheduled Activity", "content_type": 9, "codename": "view_scheduledactivity"}}, {"model": "auth.permission", "pk": 37, "fields": {"name": "Can add Registration Info", "content_type": 10, "codename": "add_registration"}}, {"model": "auth.permission", "pk": 38, "fields": {"name": "Can change Registration Info", "content_type": 10, "codename": "change_registration"}}, {"model": "auth.permission", "pk": 39, "fields": {"name": "Can delete Registration Info", "content_type": 10, "codename": "delete_registration"}}, {"model": "auth.permission", "pk": 40, "fields": {"name": "Can view Registration Info", "content_type": 10, "codename": "view_registration"}}, {"model": "auth.permission", "pk": 41, "fields": {"name": "Can add registered player", "content_type": 11, "codename": "add_registeredplayer"}}, {"model": "auth.permission", "pk": 42, "fields": {"name": "Can change registered player", "content_type": 11, "codename": "change_registeredplayer"}}, {"model": "auth.permission", "pk": 43, "fields": {"name": "Can delete registered player", "content_type": 11, "codename": "delete_registeredplayer"}}, {"model": "auth.permission", "pk": 44, "fields": {"name": "Can view registered player", "content_type": 11, "codename": "view_registeredplayer"}}, {"model": "auth.permission", "pk": 45, "fields": {"name": "Can add meeting", "content_type": 12, "codename": "add_meeting"}}, {"model": "auth.permission", "pk": 46, "fields": {"name": "Can change meeting", "content_type": 12, "codename": "change_meeting"}}, {"model": "auth.permission", "pk": 47, "fields": {"name": "Can delete meeting", "content_type": 12, "codename": "delete_meeting"}}, {"model": "auth.permission", "pk": 48, "fields": {"name": "Can view meeting", "content_type": 12, "codename": "view_meeting"}}, {"model": "auth.permission", "pk": 49, "fields": {"name": "Can add one time meeting", "content_type": 13, "codename": "add_onetimemeeting"}}, {"model": "auth.permission", "pk": 50, "fields": {"name": "Can change one time meeting", "content_type": 13, "codename": "change_onetimemeeting"}}, {"model": "auth.permission", "pk": 51, "fields": {"name": "Can delete one time meeting", "content_type": 13, "codename": "delete_onetimemeeting"}}, {"model": "auth.permission", "pk": 52, "fields": {"name": "Can view one time meeting", "content_type": 13, "codename": "view_onetimemeeting"}}, {"model": "auth.permission", "pk": 53, "fields": {"name": "Can add recurring meeting", "content_type": 14, "codename": "add_recurringmeeting"}}, {"model": "auth.permission", "pk": 54, "fields": {"name": "Can change recurring meeting", "content_type": 14, "codename": "change_recurringmeeting"}}, {"model": "auth.permission", "pk": 55, "fields": {"name": "Can delete recurring meeting", "content_type": 14, "codename": "delete_recurringmeeting"}}, {"model": "auth.permission", "pk": 56, "fields": {"name": "Can view recurring meeting", "content_type": 14, "codename": "view_recurringmeeting"}}, {"model": "auth.permission", "pk": 57, "fields": {"name": "Can add meeting participant", "content_type": 15, "codename": "add_meetingparticipant"}}, {"model": "auth.permission", "pk": 58, "fields": {"name": "Can change meeting participant", "content_type": 15, "codename": "change_meetingparticipant"}}, {"model": "auth.permission", "pk": 59, "fields": {"name": "Can delete meeting participant", "content_type": 15, "codename": "delete_meetingparticipant"}}, {"model": "auth.permission", "pk": 60, "fields": {"name": "Can view meeting participant", "content_type": 15, "codename": "view_meetingparticipant"}}, {"model": "auth.permission", "pk": 61, "fields": {"name": "Can add sgf", "content_type": 16, "codename": "add_sgf"}}, {"model": "auth.permission", "pk": 62, "fields": {"name": "Can change sgf", "content_type": 16, "codename": "change_sgf"}}, {"model": "auth.permission", "pk": 63, "fields": {"name": "Can delete sgf", "content_type": 16, "codename": "delete_sgf"}}, {"model": "auth.permission", "pk": 64, "fields": {"name": "Can view sgf", "content_type": 16, "codename": "view_sgf"}}, {"model": "auth.permission", "pk": 65, "fields": {"name": "Can add article", "content_type": 17, "codename": "add_article"}}, {"model": "auth.permission", "pk": 66, "fields": {"name": "Can change article", "content_type": 17, "codename": "change_article"}}, {"model": "auth.permission", "pk": 67, "fields": {"name": "Can delete article", "content_type": 17, "codename": "delete_article"}}, {"model": "auth.permission", "pk": 68, "fields": {"name": "Can view article", "content_type": 17, "codename": "view_article"}}, {"model": "auth.permission", "pk": 69, "fields": {"name": "Can add sub menu", "content_type": 18, "codename": "add_submenu"}}, {"model": "auth.permission", "pk": 70, "fields": {"name": "Can change sub menu", "content_type": 18, "codename": "change_submenu"}}, {"model": "auth.permission", "pk": 71, "fields": {"name": "Can delete sub menu", "content_type": 18, "codename": "delete_submenu"}}, {"model": "auth.permission", "pk": 72, "fields": {"name": "Can view sub menu", "content_type": 18, "codename": "view_submenu"}}, {"model": "auth.permission", "pk": 73, "fields": {"name": "Can add article image", "content_type": 19, "codename": "add_articleimage"}}, {"model": "auth.permission", "pk": 74, "fields": {"name": "Can change article image", "content_type": 19, "codename": "change_articleimage"}}, {"model": "auth.permission", "pk": 75, "fields": {"name": "Can delete article image", "content_type": 19, "codename": "delete_articleimage"}}, {"model": "auth.permission", "pk": 76, "fields": {"name": "Can view article image", "content_type": 19, "codename": "view_articleimage"}}, {"model": "auth.user", "pk": 1, "fields": {"password": "pbkdf2_sha256$390000$jWF1bo3Zq7BWvjgJrl8aMK$t9lItA1asALRuzV1l+pNWOjy0SqphM9OuCNJMVKnE8I=", "last_login": "2023-08-15T12:13:24.069Z", "is_superuser": true, "username": "admin", "first_name": "", "last_name": "", "email": "", "is_staff": true, "is_active": true, "date_joined": "2023-04-28T09:52:56.276Z", "groups": [], "user_permissions": []}}, {"model": "contenttypes.contenttype", "pk": 1, "fields": {"app_label": "admin", "model": "logentry"}}, {"model": "contenttypes.contenttype", "pk": 2, "fields": {"app_label": "auth", "model": "permission"}}, {"model": "contenttypes.contenttype", "pk": 3, "fields": {"app_label": "auth", "model": "group"}}, {"model": "contenttypes.contenttype", "pk": 4, "fields": {"app_label": "auth", "model": "user"}}, {"model": "contenttypes.contenttype", "pk": 5, "fields": {"app_label": "contenttypes", "model": "contenttype"}}, {"model": "contenttypes.contenttype", "pk": 6, "fields": {"app_label": "sessions", "model": "session"}}, {"model": "contenttypes.contenttype", "pk": 7, "fields": {"app_label": "tournaments", "model": "tournament"}}, {"model": "contenttypes.contenttype", "pk": 8, "fields": {"app_label": "tournaments", "model": "tournamentresult"}}, {"model": "contenttypes.contenttype", "pk": 9, "fields": {"app_label": "tournaments", "model": "scheduledactivity"}}, {"model": "contenttypes.contenttype", "pk": 10, "fields": {"app_label": "tournaments", "model": "registration"}}, {"model": "contenttypes.contenttype", "pk": 11, "fields": {"app_label": "tournaments", "model": "registeredplayer"}}, {"model": "contenttypes.contenttype", "pk": 12, "fields": {"app_label": "meetings", "model": "meeting"}}, {"model": "contenttypes.contenttype", "pk": 13, "fields": {"app_label": "meetings", "model": "onetimemeeting"}}, {"model": "contenttypes.contenttype", "pk": 14, "fields": {"app_label": "meetings", "model": "recurringmeeting"}}, {"model": "contenttypes.contenttype", "pk": 15, "fields": {"app_label": "meetings", "model": "meetingparticipant"}}, {"model": "contenttypes.contenttype", "pk": 16, "fields": {"app_label": "sgfs", "model": "sgf"}}, {"model": "contenttypes.contenttype", "pk": 17, "fields": {"app_label": "articles", "model": "article"}}, {"model": "contenttypes.contenttype", "pk": 18, "fields": {"app_label": "articles", "model": "submenu"}}, {"model": "contenttypes.contenttype", "pk": 19, "fields": {"app_label": "articles", "model": "articleimage"}}, {"model": "sessions.session", "pk": "0me1x859hidskfhz8bkjw5amtpqvqs41", "fields": {"session_data": ".eJxVjMsOwiAQRf-FtSE8CkxduvcbyMAMUjU0Ke3K-O_apAvd3nPOfYmI21rj1nmJE4mz0OL0uyXMD247oDu22yzz3NZlSnJX5EG7vM7Ez8vh_h1U7PVbh2C9IQiOB4uqaED03jBw8qOFgb12xRZNo0NSgCaDspSgeKMo8VDE-wPPFDfe:1pts2Z:mwS1HwLZe9aXufLklA4NXs9r_boNfQ3Bte5PbUQejLU", "expire_date": "2023-05-16T15:35:43.205Z"}}, {"model": "sessions.session", "pk": "20370xvtq9bwd04k6iulay9rce3omsxa", "fields": {"session_data": ".eJxVjMsOwiAQRf-FtSE8CkxduvcbyMAMUjU0Ke3K-O_apAvd3nPOfYmI21rj1nmJE4mz0OL0uyXMD247oDu22yzz3NZlSnJX5EG7vM7Ez8vh_h1U7PVbh2C9IQiOB4uqaED03jBw8qOFgb12xRZNo0NSgCaDspSgeKMo8VDE-wPPFDfe:1q9uDT:Ne5t-Pz6TH_OBhXQQN2MDo8qBuWt7pjKyb0a5FA1Yto", "expire_date": "2023-06-29T21:09:15.767Z"}}, {"model": "sessions.session", "pk": "5ja3ppgmtrpcn9hosbigp40s13m98z0m", "fields": {"session_data": ".eJxVjMsOwiAQRf-FtSE8CkxduvcbyMAMUjU0Ke3K-O_apAvd3nPOfYmI21rj1nmJE4mz0OL0uyXMD247oDu22yzz3NZlSnJX5EG7vM7Ez8vh_h1U7PVbh2C9IQiOB4uqaED03jBw8qOFgb12xRZNo0NSgCaDspSgeKMo8VDE-wPPFDfe:1pxS0K:UZxnNPNxWpNCE0pLdlIFn6FQi-uziPA1FdvA565df9c", "expire_date": "2023-05-26T12:36:12.990Z"}}, {"model": "sessions.session", "pk": "96gebby1jbja7cdsy8m3rrabmhvst7tn", "fields": {"session_data": ".eJxVjMsOwiAQRf-FtSE8CkxduvcbyMAMUjU0Ke3K-O_apAvd3nPOfYmI21rj1nmJE4mz0OL0uyXMD247oDu22yzz3NZlSnJX5EG7vM7Ez8vh_h1U7PVbh2C9IQiOB4uqaED03jBw8qOFgb12xRZNo0NSgCaDspSgeKMo8VDE-wPPFDfe:1puUxw:tenQb_P7X90B4nYPVJlPV2DLjEcgH78KLqL5NqG5eNs", "expire_date": "2023-05-18T09:09:32.880Z"}}, {"model": "sessions.session", "pk": "a99xco4mqu4febrcacn8zxf698fxick4", "fields": {"session_data": ".eJxVjMsOwiAQRf-FtSE8CkxduvcbyMAMUjU0Ke3K-O_apAvd3nPOfYmI21rj1nmJE4mz0OL0uyXMD247oDu22yzz3NZlSnJX5EG7vM7Ez8vh_h1U7PVbh2C9IQiOB4uqaED03jBw8qOFgb12xRZNo0NSgCaDspSgeKMo8VDE-wPPFDfe:1ptlh8:_mJgWFTN-JtSsK70XpzP-ebLZWMdd1alPAUmhRroDGM", "expire_date": "2023-05-16T08:49:10.510Z"}}, {"model": "sessions.session", "pk": "aqnvdfbpjij1a4mp13wn09qozr1z7945", "fields": {"session_data": ".eJxVjMsOwiAQRf-FtSE8CkxduvcbyMAMUjU0Ke3K-O_apAvd3nPOfYmI21rj1nmJE4mz0OL0uyXMD247oDu22yzz3NZlSnJX5EG7vM7Ez8vh_h1U7PVbh2C9IQiOB4uqaED03jBw8qOFgb12xRZNo0NSgCaDspSgeKMo8VDE-wPPFDfe:1pwpOX:sRX0gnMuuUCLA6TrlZP472zrXCKObx21TqA8-j3umlM", "expire_date": "2023-05-24T19:22:37.687Z"}}, {"model": "sessions.session", "pk": "ba63x79fjrzdxyv29cezxkh0crrwypap", "fields": {"session_data": ".eJxVjMsOwiAQRf-FtSE8CkxduvcbyMAMUjU0Ke3K-O_apAvd3nPOfYmI21rj1nmJE4mz0OL0uyXMD247oDu22yzz3NZlSnJX5EG7vM7Ez8vh_h1U7PVbh2C9IQiOB4uqaED03jBw8qOFgb12xRZNo0NSgCaDspSgeKMo8VDE-wPPFDfe:1qVsvM:RS2tIyRUoXGLwQefHIw6k53B0Pu232Y6ij3ln6SAc3I", "expire_date": "2023-08-29T12:13:24.071Z"}}, {"model": "sessions.session", "pk": "cuvepuumjxt3u3fzoehr21iczgzj79y8", "fields": {"session_data": ".eJxVjMsOwiAQRf-FtSE8CkxduvcbyMAMUjU0Ke3K-O_apAvd3nPOfYmI21rj1nmJE4mz0OL0uyXMD247oDu22yzz3NZlSnJX5EG7vM7Ez8vh_h1U7PVbh2C9IQiOB4uqaED03jBw8qOFgb12xRZNo0NSgCaDspSgeKMo8VDE-wPPFDfe:1q1ogP:kpBkSHu-YcMX9UErF3MeUrXXgKOZGx8vi0q9_YW6C3k", "expire_date": "2023-06-07T13:37:41.256Z"}}, {"model": "sessions.session", "pk": "dhdnrq41q95dfi1hvj5x3rsvy1mjdyhe", "fields": {"session_data": ".eJxVjMsOwiAQRf-FtSE8CkxduvcbyMAMUjU0Ke3K-O_apAvd3nPOfYmI21rj1nmJE4mz0OL0uyXMD247oDu22yzz3NZlSnJX5EG7vM7Ez8vh_h1U7PVbh2C9IQiOB4uqaED03jBw8qOFgb12xRZNo0NSgCaDspSgeKMo8VDE-wPPFDfe:1q4obg:qZQoYGOePoeqKl_sDy6YWC5qi7DPnF_mQUY2hiunKVY", "expire_date": "2023-06-15T20:09:12.755Z"}}, {"model": "sessions.session", "pk": "dz60nesstui2f2kzvro0bqd92fmgosgq", "fields": {"session_data": ".eJxVjMsOwiAQRf-FtSE8CkxduvcbyMAMUjU0Ke3K-O_apAvd3nPOfYmI21rj1nmJE4mz0OL0uyXMD247oDu22yzz3NZlSnJX5EG7vM7Ez8vh_h1U7PVbh2C9IQiOB4uqaED03jBw8qOFgb12xRZNo0NSgCaDspSgeKMo8VDE-wPPFDfe:1q4iqN:zLXzR-x5hbG9oZ5m-2OQnSRk8yhQ_dolDrWekET-7AI", "expire_date": "2023-06-15T13:59:59.218Z"}}, {"model": "sessions.session", "pk": "i1emuva63bmb47fs6zbbqus0gpv0xxwy", "fields": {"session_data": ".eJxVjMsOwiAQRf-FtSE8CkxduvcbyMAMUjU0Ke3K-O_apAvd3nPOfYmI21rj1nmJE4mz0OL0uyXMD247oDu22yzz3NZlSnJX5EG7vM7Ez8vh_h1U7PVbh2C9IQiOB4uqaED03jBw8qOFgb12xRZNo0NSgCaDspSgeKMo8VDE-wPPFDfe:1q1pEC:8k2m1i0a3Ct7MN0rXZpPaL51DfD4E3gFxedYH8UipMY", "expire_date": "2023-06-07T14:12:36.986Z"}}, {"model": "sessions.session", "pk": "lz041a84zhyn2t30ui64fkh4skzputwy", "fields": {"session_data": ".eJxVjMsOwiAQRf-FtSE8CkxduvcbyMAMUjU0Ke3K-O_apAvd3nPOfYmI21rj1nmJE4mz0OL0uyXMD247oDu22yzz3NZlSnJX5EG7vM7Ez8vh_h1U7PVbh2C9IQiOB4uqaED03jBw8qOFgb12xRZNo0NSgCaDspSgeKMo8VDE-wPPFDfe:1q1oer:6I34_SA858k_zFztK5xJWXGVd5csz4s_OYTZcYEliJc", "expire_date": "2023-06-07T13:36:05.906Z"}}, {"model": "sessions.session", "pk": "mxyg72gbbcvmlsbs1i9ik13rqcvso890", "fields": {"session_data": ".eJxVjEEOwiAQRe_C2hCgDLQu3XsGMsyAVA0kpV0Z765NutDtf-_9lwi4rSVsPS1hZnEWWpx-t4j0SHUHfMd6a5JaXZc5yl2RB-3y2jg9L4f7d1Cwl29tHZOPhgdlaUw8Eug8eOVyBtSenI3GAJNVPnlCN6HTbgICRhiU0V68P-iqN50:1psKml:YpMVEGgSfkSphK8gELfJVTYHa-gt6iz-WzcS02DaQNs", "expire_date": "2023-05-12T09:53:03.029Z"}}, {"model": "sessions.session", "pk": "nhk4yr3t1x43ng81u6d7ikojfvq9plat", "fields": {"session_data": ".eJxVjEEOwiAQRe_C2hCgDLQu3XsGMsyAVA0kpV0Z765NutDtf-_9lwi4rSVsPS1hZnEWWpx-t4j0SHUHfMd6a5JaXZc5yl2RB-3y2jg9L4f7d1Cwl29tHZOPhgdlaUw8Eug8eOVyBtSenI3GAJNVPnlCN6HTbgICRhiU0V68P-iqN50:1psorj:pTcUU1yjUKN14a4JCfOPZPZUMwdA0A9JCmRMcXyii5U", "expire_date": "2023-05-13T18:00:11.546Z"}}, {"model": "sessions.session", "pk": "qpim3otlyl6xxaqdn054y0b56rmzn9tr", "fields": {"session_data": ".eJxVjMsOwiAQRf-FtSE8CkxduvcbyMAMUjU0Ke3K-O_apAvd3nPOfYmI21rj1nmJE4mz0OL0uyXMD247oDu22yzz3NZlSnJX5EG7vM7Ez8vh_h1U7PVbh2C9IQiOB4uqaED03jBw8qOFgb12xRZNo0NSgCaDspSgeKMo8VDE-wPPFDfe:1pwfrW:jquyusxe0r1ndggwQBZ85IagHxQ7qaqZYlK35IT9bZQ", "expire_date": "2023-05-24T09:11:54.661Z"}}, {"model": "sessions.session", "pk": "ssypkr14waoc21x6iahkziu0c70z6mv7", "fields": {"session_data": ".eJxVjMsOwiAQRf-FtSE8CkxduvcbyMAMUjU0Ke3K-O_apAvd3nPOfYmI21rj1nmJE4mz0OL0uyXMD247oDu22yzz3NZlSnJX5EG7vM7Ez8vh_h1U7PVbh2C9IQiOB4uqaED03jBw8qOFgb12xRZNo0NSgCaDspSgeKMo8VDE-wPPFDfe:1q9trX:mtZoZ1onjnzUfdWz6rWQCeRn7UjyMXotVdPyWKaVB60", "expire_date": "2023-06-29T20:46:35.047Z"}}, {"model": "sessions.session", "pk": "vo89r5ny3qfslf1otx8dafezzo7csfff", "fields": {"session_data": ".eJxVjMsOwiAQRf-FtSE8CkxduvcbyMAMUjU0Ke3K-O_apAvd3nPOfYmI21rj1nmJE4mz0OL0uyXMD247oDu22yzz3NZlSnJX5EG7vM7Ez8vh_h1U7PVbh2C9IQiOB4uqaED03jBw8qOFgb12xRZNo0NSgCaDspSgeKMo8VDE-wPPFDfe:1qSwWK:joEoaOTAn4qPAQfa2XsqP3kucZHKCfZn_ZwLAnZLdpY", "expire_date": "2023-08-21T09:27:24.764Z"}}, {"model": "sessions.session", "pk": "wwi8rybwjvm36m7cptcnn7c4f1jnrqhc", "fields": {"session_data": ".eJxVjMsOwiAQRf-FtSE8CkxduvcbyMAMUjU0Ke3K-O_apAvd3nPOfYmI21rj1nmJE4mz0OL0uyXMD247oDu22yzz3NZlSnJX5EG7vM7Ez8vh_h1U7PVbh2C9IQiOB4uqaED03jBw8qOFgb12xRZNo0NSgCaDspSgeKMo8VDE-wPPFDfe:1q9us5:bnen0CJeVsAfuQlt0tM65uuWHpHcOo-ujAqqC0GBqaY", "expire_date": "2023-06-29T21:51:13.759Z"}}, {"model": "sessions.session", "pk": "y3mcd4uzqhruhcb3uzmmmiyduild05gz", "fields": {"session_data": ".eJxVjMsOwiAQRf-FtSE8CkxduvcbyMAMUjU0Ke3K-O_apAvd3nPOfYmI21rj1nmJE4mz0OL0uyXMD247oDu22yzz3NZlSnJX5EG7vM7Ez8vh_h1U7PVbh2C9IQiOB4uqaED03jBw8qOFgb12xRZNo0NSgCaDspSgeKMo8VDE-wPPFDfe:1ptrvi:7Hwui0MRlHZq5t6QLzluu2NhPpPi8luCnSYz3lHSZEI", "expire_date": "2023-05-16T15:28:38.498Z"}}, {"model": "sessions.session", "pk": "zli9yosds9mwb26r2nboc0cstdptax0j", "fields": {"session_data": ".eJxVjMsOwiAQRf-FtSE8CkxduvcbyMAMUjU0Ke3K-O_apAvd3nPOfYmI21rj1nmJE4mz0OL0uyXMD247oDu22yzz3NZlSnJX5EG7vM7Ez8vh_h1U7PVbh2C9IQiOB4uqaED03jBw8qOFgb12xRZNo0NSgCaDspSgeKMo8VDE-wPPFDfe:1qMYUD:u7Z-2rfK0Y78el4DqGNZEigti0smevdBz-vW5XaYo-Q", "expire_date": "2023-08-03T18:34:49.145Z"}}, {"model": "tournaments.tournament", "pk": 1, "fields": {"code": "szop-3", "name": "Turniej w Szopie III", "name_pl": "Turniej w Szopie III", "name_en": "III Tournament in shop", "image": "media/images/jenot_yco7rw", "start_date": "2023-02-11", "end_date": null, "place": "Shop Gracz", "place_pl": "Shop Gracz", "place_en": "Shop Gracz", "is_draft": false, "organizer": "Adam Białożyt, Maria Kluziak, Jakub Miłkowski", "referee": "Jakub Miłkowski", "description": "Serdecznie zapraszamy na 3 turniej w Szopie", "description_pl": "Serdecznie zapraszamy na 3 turniej w Szopie", "description_en": "We invite you to the 3rd tournament in the shop", "additional_info": null, "additional_info_pl": null, "additional_info_en": null, "contact": "krakowski.klub.go@gmail.com", "contact_pl": "krakowski.klub.go@gmail.com", "contact_en": null, "address": "ul. Bolesława Limanowskiego 16, 30-534 Kraków", "address_pl": "ul. Bolesława Limanowskiego 16, 30-534 Kraków", "address_en": "ul. Bolesława Limanowskiego 16, 30-534 Kraków", "address_map_link": "https://www.google.com/maps/embed?pb=!1m14!1m8!1m3!1d10248.85103357987!2d19.9526665!3d50.0448456!3m2!1i1024!2i768!4f13.1!3m3!1m2!1s0x0%3A0xbc6417b1f2f072fc!2sShop%20Gracz%20-%20sklep%20z%20grami%20planszowymi%2C%20karcianymi%20i%20bitewnymi!5e0!3m2!1spl!2spl!4v1656874508210!5m2!1spl!2spl", "address_map_link_pl": "https://www.google.com/maps/embed?pb=!1m14!1m8!1m3!1d10248.85103357987!2d19.9526665!3d50.0448456!3m2!1i1024!2i768!4f13.1!3m3!1m2!1s0x0%3A0xbc6417b1f2f072fc!2sShop%20Gracz%20-%20sklep%20z%20grami%20planszowymi%2C%20karcianymi%20i%20bitewnymi!5e0!3m2!1spl!2spl!4v1656874508210!5m2!1spl!2spl", "address_map_link_en": null, "prizes": "Pieniądze dla zwycięzcy, bony od Szopa gracza", "prizes_pl": "Pieniądze dla zwycięzcy, bony od Szopa gracza", "prizes_en": "Money for the winner, vouchers from the Szop", "fee": "25 zł", "fee_pl": "25 zł", "fee_en": "25 zł", "prepaid_option": false, "game_rules": "japońskie", "game_rules_pl": "japońskie", "game_rules_en": "japanese", "komi": "6.5", "rules_system": "mac_mahon", "tournament_class": "C", "rounds": 4, "handicap_rules": "Handicap redukowany o 2, 9 kamieni max", "handicap_rules_pl": "Handicap redukowany o 2, 9 kamieni max", "handicap_rules_en": "Handicap reduced by 2, 9 stones max", "time_control": "25 min + 1 x 15s byo-yomi"}}, {"model": "tournaments.tournament", "pk": 2, "fields": {"code": "szop-2", "name": "Turniej w Szopie II", "name_pl": "Turniej w Szopie II", "name_en": "II Tournament in shop", "image": "media/images/jenot_wqb9da", "start_date": "2022-10-22", "end_date": null, "place": "Shop Gracz", "place_pl": "Shop Gracz", "place_en": "Shop Gracz", "is_draft": false, "organizer": "Adam Białożyt, Maria Kluziak, Jakub Miłkowski", "referee": "Adam Białożyt", "description": "Serdecznie zapraszamy na 2 turniej w Szopie", "description_pl": "Serdecznie zapraszamy na 2 turniej w Szopie", "description_en": "We invite you to the 2nd tournament in the shop", "additional_info": null, "additional_info_pl": null, "additional_info_en": null, "contact": "krakowski.klub.go@gmail.com", "contact_pl": "krakowski.klub.go@gmail.com", "contact_en": null, "address": "ul. Bolesława Limanowskiego 16, 30-534 Kraków", "address_pl": "ul. Bolesława Limanowskiego 16, 30-534 Kraków", "address_en": "ul. Bolesława Limanowskiego 16, 30-534 Kraków", "address_map_link": "https://www.google.com/maps/embed?pb=!1m14!1m8!1m3!1d10248.85103357987!2d19.9526665!3d50.0448456!3m2!1i1024!2i768!4f13.1!3m3!1m2!1s0x0%3A0xbc6417b1f2f072fc!2sShop%20Gracz%20-%20sklep%20z%20grami%20planszowymi%2C%20karcianymi%20i%20bitewnymi!5e0!3m2!1spl!2spl!4v1656874508210!5m2!1spl!2spl", "address_map_link_pl": "https://www.google.com/maps/embed?pb=!1m14!1m8!1m3!1d10248.85103357987!2d19.9526665!3d50.0448456!3m2!1i1024!2i768!4f13.1!3m3!1m2!1s0x0%3A0xbc6417b1f2f072fc!2sShop%20Gracz%20-%20sklep%20z%20grami%20planszowymi%2C%20karcianymi%20i%20bitewnymi!5e0!3m2!1spl!2spl!4v1656874508210!5m2!1spl!2spl", "address_map_link_en": null, "prizes": "Pieniądze dla zwycięzcy, bony od Szopa gracza", "prizes_pl": "Pieniądze dla zwycięzcy, bony od Szopa gracza", "prizes_en": "Money for the winner, vouchers from the Szop", "fee": "25 zł", "fee_pl": "25 zł", "fee_en": "25 zł", "prepaid_option": false, "game_rules": "japońskie", "game_rules_pl": "japońskie", "game_rules_en": "japanese", "komi": "6.5", "rules_system": "mac_mahon", "tournament_class": "C", "rounds": 4, "handicap_rules": "Handicap redukowany o 2", "handicap_rules_pl": "Handicap redukowany o 2", "handicap_rules_en": "Handicap reduced by 2", "time_control": "25 min + 1 x 15s byo-yomi"}}, {"model": "tournaments.tournament", "pk": 3, "fields": {"code": "szop-1", "name": "Turniej w Szopie I", "name_pl": "Turniej w Szopie I", "name_en": "I Tournament in shop", "image": "media/images/jenot_y8wmnt", "start_date": "2022-08-06", "end_date": null, "place": "Shop Gracz", "place_pl": "Shop Gracz", "place_en": "Shop Gracz", "is_draft": false, "organizer": "Adam Białożyt, Maria Kluziak, Jakub Miłkowski", "referee": "Adam Białożyt", "description": "Serdecznie zapraszamy na 1 turniej w Szopie", "description_pl": "Serdecznie zapraszamy na 1 turniej w Szopie", "description_en": "We invite you to the 1st tournament in the shop", "additional_info": null, "additional_info_pl": null, "additional_info_en": null, "contact": "krakowski.klub.go@gmail.com", "contact_pl": "krakowski.klub.go@gmail.com", "contact_en": null, "address": "ul. Bolesława Limanowskiego 16, 30-534 Kraków", "address_pl": "ul. Bolesława Limanowskiego 16, 30-534 Kraków", "address_en": "ul. Bolesława Limanowskiego 16, 30-534 Kraków", "address_map_link": "https://www.google.com/maps/embed?pb=!1m14!1m8!1m3!1d10248.85103357987!2d19.9526665!3d50.0448456!3m2!1i1024!2i768!4f13.1!3m3!1m2!1s0x0%3A0xbc6417b1f2f072fc!2sShop%20Gracz%20-%20sklep%20z%20grami%20planszowymi%2C%20karcianymi%20i%20bitewnymi!5e0!3m2!1spl!2spl!4v1656874508210!5m2!1spl!2spl", "address_map_link_pl": "https://www.google.com/maps/embed?pb=!1m14!1m8!1m3!1d10248.85103357987!2d19.9526665!3d50.0448456!3m2!1i1024!2i768!4f13.1!3m3!1m2!1s0x0%3A0xbc6417b1f2f072fc!2sShop%20Gracz%20-%20sklep%20z%20grami%20planszowymi%2C%20karcianymi%20i%20bitewnymi!5e0!3m2!1spl!2spl!4v1656874508210!5m2!1spl!2spl", "address_map_link_en": null, "prizes": "Pieniądze dla zwycięzcy, bony od Szopa gracza", "prizes_pl": "Pieniądze dla zwycięzcy, bony od Szopa gracza", "prizes_en": "Money for the winner, vouchers from the Szop", "fee": "25 zł", "fee_pl": "25 zł", "fee_en": "25 zł", "prepaid_option": false, "game_rules": "japońskie", "game_rules_pl": "japońskie", "game_rules_en": "japanese", "komi": "6.5", "rules_system": "mac_mahon", "tournament_class": "C", "rounds": 4, "handicap_rules": "Handicap redukowany o 2", "handicap_rules_pl": "Handicap redukowany o 2", "handicap_rules_en": "Handicap reduced by 2", "time_control": "25 min + 1 x 15s byo-yomi"}}, {"model": "tournaments.tournament", "pk": 4, "fields": {"code": "smoczy-kamien-2022", "name": "Turniej o Smoczy Kamień 2022", "name_pl": "Turniej o Smoczy Kamień 2022", "name_en": "Dragon Stone Tournament 2022", "image": "media/images/logo_nmvrua", "start_date": "2022-04-23", "end_date": "2022-04-24", "place": "Wydział Matematyki i Informatyki Uniwersytetu Jagiellońskiego", "place_pl": "Wydział Matematyki i Informatyki Uniwersytetu Jagiellońskiego", "place_en": "Faculty of Mathematics and Computer Science Jagiellonian University", "is_draft": false, "organizer": "Adam Białożyt, Maria Kluziak, Jakub Miłkowski, Marcel Mroczek", "referee": "Adam Białożyt", "description": null, "description_pl": null, "description_en": null, "additional_info": null, "additional_info_pl": null, "additional_info_en": null, "contact": "krakowski.klub.go@gmail.com", "contact_pl": "krakowski.klub.go@gmail.com", "contact_en": null, "address": "ul. Prof. Stanisława Łojasiewicza 6, 30-348 Kraków \r\n piętro 1, pokój 1016", "address_pl": "ul. Prof. Stanisława Łojasiewicza 6, 30-348 Kraków \r\n piętro 1, pokój 1016", "address_en": "ul. Prof. Stanisława Łojasiewicza 6, 30-348 Kraków \r\n first floor, room 1016", "address_map_link": "https://www.google.com/maps/embed?pb=!1m18!1m12!1m3!1d2562.9999863786084!2d19.904676515716186!3d50.030096079419536!2m3!1f0!2f0!3f0!3m2!1i1024!2i768!4f13.1!3m3!1m2!1s0x47165c861ad6cd9d%3A0x6fb4cfd2570e78e4!2sWydzia%C5%82%20Matematyki%20i%20Informatyki%20Uniwersytetu%20Jagiello%C5%84skiego!5e0!3m2!1spl!2spl!4v1646084689255!5m2!1spl!2spl", "address_map_link_pl": "https://www.google.com/maps/embed?pb=!1m18!1m12!1m3!1d2562.9999863786084!2d19.904676515716186!3d50.030096079419536!2m3!1f0!2f0!3f0!3m2!1i1024!2i768!4f13.1!3m3!1m2!1s0x47165c861ad6cd9d%3A0x6fb4cfd2570e78e4!2sWydzia%C5%82%20Matematyki%20i%20Informatyki%20Uniwersytetu%20Jagiello%C5%84skiego!5e0!3m2!1spl!2spl!4v1646084689255!5m2!1spl!2spl", "address_map_link_en": null, "prizes": "Przewidywana pula nagród 1500zł.\r\nNagrody w kategoriach głównych, dla początkujących i serii zwycięstw.", "prizes_pl": "Przewidywana pula nagród 1500zł.\r\nNagrody w kategoriach głównych, dla początkujących i serii zwycięstw.", "prizes_en": "Estimated prize pool 1500 zł.\r\nPrizes in main, beginners and series-of-wins categories.", "fee": "30 zł do 14 kwietnia\r\n40 zł po 14 kwietnia i w dniu turnieju\r\n15% zniżki gracze poniżej 10 kyu", "fee_pl": "30 zł do 14 kwietnia\r\n40 zł po 14 kwietnia i w dniu turnieju\r\n15% zniżki gracze poniżej 10 kyu", "fee_en": "30 zł before 14 April\r\n40 zł after 14 April and on-site\r\n15% discount for players under 10 kyu", "prepaid_option": false, "game_rules": "japońskie", "game_rules_pl": "japońskie", "game_rules_en": "japanese", "komi": "6.5", "rules_system": "mac_mahon", "tournament_class": "A", "rounds": 5, "handicap_rules": null, "handicap_rules_pl": null, "handicap_rules_en": null, "time_control": "60 min + 20s byo-yomi"}}, {"model": "tournaments.tournament", "pk": 6, "fields": {"code": "smoczy-kamien-2023", "name": "Turniej Smoczy Kamień 2023", "name_pl": "Turniej Smoczy Kamień 2023", "name_en": "Dragon Stone Tournament 2023", "image": "media/images/logo_nmvrua", "start_date": "2023-06-03", "end_date": "2023-06-04", "place": "Wydział Matematyki i Informatyki Uniwersytetu Jagiellońskiego", "place_pl": "Wydział Matematyki i Informatyki Uniwersytetu Jagiellońskiego", "place_en": "Faculty of Mathematics and Computer Science Jagiellonian University", "is_draft": false, "organizer": "Adam Białożyt, Maria Kluziak, Jakub Miłkowski, Marcel Mroczek", "referee": "Adam Białożyt", "description": "Krakowski Klub Go ma przyjemność zaprosić Was na kolejny turniej z cyklu Smoczy Kamień!", "description_pl": "Krakowski Klub Go ma przyjemność zaprosić Was na kolejny turniej z cyklu Smoczy Kamień!", "description_en": "Cracow Go Club is delighted to invite you to the next Dragon Stone Tournament!", "additional_info": null, "additional_info_pl": null, "additional_info_en": null, "contact": "krakowski.klub.go@gmail.com", "contact_pl": "krakowski.klub.go@gmail.com", "contact_en": "krakowski.klub.go@gmail.com", "address": "ul. Prof. Stanisława Łojasiewicza 6, 30-348 Kraków \r\n piętro 1, pokój 1016", "address_pl": "ul. Prof. Stanisława Łojasiewicza 6, 30-348 Kraków \r\n piętro 1, pokój 1016", "address_en": "ul. Prof. Stanisława Łojasiewicza 6, 30-348 Kraków \r\n first floor, room 1016", "address_map_link": "https://www.google.com/maps/embed?pb=!1m18!1m12!1m3!1d2562.9999863786084!2d19.904676515716186!3d50.030096079419536!2m3!1f0!2f0!3f0!3m2!1i1024!2i768!4f13.1!3m3!1m2!1s0x47165c861ad6cd9d%3A0x6fb4cfd2570e78e4!2sWydzia%C5%82%20Matematyki%20i%20Informatyki%20Uniwersytetu%20Jagiello%C5%84skiego!5e0!3m2!1spl!2spl!4v1646084689255!5m2!1spl!2spl", "address_map_link_pl": "https://www.google.com/maps/embed?pb=!1m18!1m12!1m3!1d2562.9999863786084!2d19.904676515716186!3d50.030096079419536!2m3!1f0!2f0!3f0!3m2!1i1024!2i768!4f13.1!3m3!1m2!1s0x47165c861ad6cd9d%3A0x6fb4cfd2570e78e4!2sWydzia%C5%82%20Matematyki%20i%20Informatyki%20Uniwersytetu%20Jagiello%C5%84skiego!5e0!3m2!1spl!2spl!4v1646084689255!5m2!1spl!2spl", "address_map_link_en": null, "prizes": "Przewidywana pula nagród 1500zł.\r\nNagrody w kategoriach głównych, dla początkujących i serii zwycięstw.", "prizes_pl": "Przewidywana pula nagród 1500zł.\r\nNagrody w kategoriach głównych, dla początkujących i serii zwycięstw.", "prizes_en": "Estimated prize pool 1500 zł.\r\nPrizes in main, beginners and series-of-wins categories.", "fee": "70 zł\r\n-10 zł zniżki za rejestrację do  27 maja\r\n-10 zł zniżki gracze poniżej 10 kyu", "fee_pl": "70 zł\r\n-10 zł zniżki za rejestrację do  27 maja\r\n-10 zł zniżki gracze poniżej 10 kyu", "fee_en": "70 zł\r\n-10 zł discount for registration before 27th of May \r\n-10 zł discount for players under 10 kyu", "prepaid_option": false, "game_rules": "japońskie", "game_rules_pl": "japońskie", "game_rules_en": "japanese", "komi": "6.5", "rules_system": "mac_mahon", "tournament_class": "A", "rounds": 5, "handicap_rules": null, "handicap_rules_pl": null, "handicap_rules_en": null, "time_control": "60 min + 20s byo-yomi"}}, {"model": "tournaments.tournament", "pk": 7, "fields": {"code": "smoczy-kamien-2024", "name": "Turniej Smoczy Kamień 2024", "name_pl": "Turniej Smoczy Kamień 2024", "name_en": "Dragon Stone Tournament 2024", "image": "media/images/logo_nmvrua", "start_date": "2024-04-20", "end_date": "2024-04-21", "place": "Wydział Matematyki i Informatyki Uniwersytetu Jagiellońskiego", "place_pl": "Wydział Matematyki i Informatyki Uniwersytetu Jagiellońskiego", "place_en": "Faculty of Mathematics and Computer Science Jagiellonian University", "is_draft": true, "organizer": "Adam Białożyt, Maria Kluziak, Jakub Miłkowski, Marcel Mroczek", "referee": "Adam Białożyt", "description": "Krakowski Klub Go ma przyjemność zaprosić Was na kolejny turniej z cyklu Smoczy Kamień!", "description_pl": "Krakowski Klub Go ma przyjemność zaprosić Was na kolejny turniej z cyklu Smoczy Kamień!", "description_en": "Cracow Go Club is delighted to invite you to the next Dragon Stone Tournament!", "additional_info": "Uwaga! Podane informacje mają charakter orientacyjny i mają dużą szansę się zmienić do daty turnieju.  Pewne informacje pojawią się w styczniu, wtedy też otwirzy się rejestracja.", "additional_info_pl": "Uwaga! Podane informacje mają charakter orientacyjny i mają dużą szansę się zmienić do daty turnieju.  Pewne informacje pojawią się w styczniu, wtedy też otwirzy się rejestracja.", "additional_info_en": "Attention! Provided information is only tentative and may change before the tournament date. The registration opening and final arrangements will be announced in January", "contact": "krakowski.klub.go@gmail.com", "contact_pl": "krakowski.klub.go@gmail.com", "contact_en": "krakowski.klub.go@gmail.com", "address": "ul. Prof. Stanisława Łojasiewicza 6, 30-348 Kraków \r\n piętro 1, pokój 1016", "address_pl": "ul. Prof. Stanisława Łojasiewicza 6, 30-348 Kraków \r\n piętro 1, pokój 1016", "address_en": "ul. Prof. Stanisława Łojasiewicza 6, 30-348 Kraków \r\n first floor, room 1016", "address_map_link": "https://www.google.com/maps/embed?pb=!1m18!1m12!1m3!1d2562.9999863786084!2d19.904676515716186!3d50.030096079419536!2m3!1f0!2f0!3f0!3m2!1i1024!2i768!4f13.1!3m3!1m2!1s0x47165c861ad6cd9d%3A0x6fb4cfd2570e78e4!2sWydzia%C5%82%20Matematyki%20i%20Informatyki%20Uniwersytetu%20Jagiello%C5%84skiego!5e0!3m2!1spl!2spl!4v1646084689255!5m2!1spl!2spl", "address_map_link_pl": "https://www.google.com/maps/embed?pb=!1m18!1m12!1m3!1d2562.9999863786084!2d19.904676515716186!3d50.030096079419536!2m3!1f0!2f0!3f0!3m2!1i1024!2i768!4f13.1!3m3!1m2!1s0x47165c861ad6cd9d%3A0x6fb4cfd2570e78e4!2sWydzia%C5%82%20Matematyki%20i%20Informatyki%20Uniwersytetu%20Jagiello%C5%84skiego!5e0!3m2!1spl!2spl!4v1646084689255!5m2!1spl!2spl", "address_map_link_en": null, "prizes": "Przewidywana pula nagród TBA.\r\nNagrody w kategoriach głównych, dla początkujących i serii zwycięstw.", "prizes_pl": "Przewidywana pula nagród TBA.\r\nNagrody w kategoriach głównych, dla początkujących i serii zwycięstw.", "prizes_en": "Estimated prize pool TBA.\r\nPrizes in main, beginners and series-of-wins categories.", "fee": "TBA", "fee_pl": "TBA", "fee_en": "TBA", "prepaid_option": false, "game_rules": "japońskie", "game_rules_pl": "japońskie", "game_rules_en": "japanese", "komi": "6.5", "rules_system": "mac_mahon", "tournament_class": "A", "rounds": 5, "handicap_rules": null, "handicap_rules_pl": null, "handicap_rules_en": null, "time_control": "60 min + 20s byo-yomi"}}, {"model": "tournaments.tournament", "pk": 8, "fields": {"code": "artefakt-1", "name": "Turniej o Kufel Artefaktu", "name_pl": "Turniej o Kufel Artefaktu", "name_en": "Artefakt Cup", "image": "images/smoczyKamien_fewpoo", "start_date": "2023-09-02", "end_date": null, "place": "Artefakt Cafe", "place_pl": "Artefakt Cafe", "place_en": "Artefakt Cafe", "is_draft": false, "organizer": "Adam Białożyt, Maria Kluziak, Jakub Miłkowski", "referee": "Adam Białożyt", "description": "Serdecznie zapraszamy na kolejny jednodniowy turniej w Krakowie.\r\nTym razem spotykamy się w naszym ulubionym miejscu - Klubokawiarni Artefakt! \r\n\r\nNa turnieju obowiązuje limit 24 graczy, dlatego zachęcamy do wczesnej rejestracji.", "description_pl": "Serdecznie zapraszamy na kolejny jednodniowy turniej w Krakowie.\r\nTym razem spotykamy się w naszym ulubionym miejscu - Klubokawiarni Artefakt! \r\n\r\nNa turnieju obowiązuje limit 24 graczy, dlatego zachęcamy do wczesnej rejestracji.", "description_en": "We invite you to the next one-day tournament in Cracow. \r\nThis time we are meeting in our favourite place - the Artefakt Cafe!\r\n\r\nThis tournament is limited to  24 players only. Hence we encourage early registration. First come, first served!", "additional_info": "Limit graczy: 24", "additional_info_pl": "Limit graczy: 24", "additional_info_en": "Maximum number of players: 24", "contact": "krakowski.klub.go@gmail.com", "contact_pl": "krakowski.klub.go@gmail.com", "contact_en": "krakowski.klub.go@gmail.com", "address": "ul. Dajwór 3, 31-052 Kraków", "address_pl": "ul. Dajwór 3, 31-052 Kraków", "address_en": "ul. Dajwór 3, 31-052 Kraków", "address_map_link": "https://www.google.com/maps/embed?pb=!1m18!1m12!1m3!1d2561.8207326780835!2d19.94643477652627!3d50.052189415959525!2m3!1f0!2f0!3f0!3m2!1i1024!2i768!4f13.1!3m3!1m2!1s0x47165b18f5c5bdc1%3A0x4864fed2dc9a1047!2sArtefakt%20Cafe!5e0!3m2!1spl!2spl!4v1686862405020!5m2!1spl!2spl", "address_map_link_pl": "https://www.google.com/maps/embed?pb=!1m18!1m12!1m3!1d2561.8207326780835!2d19.94643477652627!3d50.052189415959525!2m3!1f0!2f0!3f0!3m2!1i1024!2i768!4f13.1!3m3!1m2!1s0x47165b18f5c5bdc1%3A0x4864fed2dc9a1047!2sArtefakt%20Cafe!5e0!3m2!1spl!2spl!4v1686862405020!5m2!1spl!2spl", "address_map_link_en": "https://www.google.com/maps/embed?pb=!1m18!1m12!1m3!1d2561.8207326780835!2d19.94643477652627!3d50.052189415959525!2m3!1f0!2f0!3f0!3m2!1i1024!2i768!4f13.1!3m3!1m2!1s0x47165b18f5c5bdc1%3A0x4864fed2dc9a1047!2sArtefakt%20Cafe!5e0!3m2!1spl!2spl!4v1686862405020!5m2!1spl!2spl", "prizes": "Nagrody pieniężne i kufel Artefaktu dla zwycięzców turnieju.", "prizes_pl": "Nagrody pieniężne i kufel Artefaktu dla zwycięzców turnieju.", "prizes_en": "Monetary prizes and the Artefakt cup for the tournament winners.", "fee": "25 zł", "fee_pl": "25 zł", "fee_en": "25 zł", "prepaid_option": false, "game_rules": "japońskie", "game_rules_pl": "japońskie", "game_rules_en": "japanese", "komi": "6.5", "rules_system": "mac_mahon", "tournament_class": "C", "rounds": 4, "handicap_rules": "Handicap redukowany o 2, max 9 kamieni", "handicap_rules_pl": "Handicap redukowany o 2, max 9 kamieni", "handicap_rules_en": "Handicap reduced by 2, max 9 stones", "time_control": "25 min + 1 x 15s byo-yomi"}}, {"model": "tournaments.registration", "pk": 1, "fields": {"tournament": 1, "end_date": "2023-02-11", "player_limit": 22, "description": "W przypadku osiągnięcia limitu uczestników pierwszeństwo udziału w turnieju przysługuje zarejestrowanym graczom", "description_pl": "W przypadku osiągnięcia limitu uczestników pierwszeństwo udziału w turnieju przysługuje zarejestrowanym graczom", "description_en": "In case of exceeding the competitor limit, the participation precedence is given to preregistered players", "email_required": false}}, {"model": "tournaments.registration", "pk": 2, "fields": {"tournament": 2, "end_date": "2022-10-22", "player_limit": 22, "description": "W przypadku osiągnięcia limitu uczestników pierwszeństwo udziału w turnieju przysługuje zarejestrowanym graczom", "description_pl": "W przypadku osiągnięcia limitu uczestników pierwszeństwo udziału w turnieju przysługuje zarejestrowanym graczom", "description_en": "In case of exceeding the competitor limit, the participation precedence is given to preregistered players", "email_required": false}}, {"model": "tournaments.registration", "pk": 3, "fields": {"tournament": 3, "end_date": "2022-08-06", "player_limit": 20, "description": "W przypadku osiągnięcia limitu uczestników pierwszeństwo udziału w turnieju przysługuje zarejestrowanym graczom", "description_pl": "W przypadku osiągnięcia limitu uczestników pierwszeństwo udziału w turnieju przysługuje zarejestrowanym graczom", "description_en": "In case of exceeding the competitor limit, the participation precedence is given to preregistered players", "email_required": false}}, {"model": "tournaments.registration", "pk": 4, "fields": {"tournament": 4, "end_date": "2022-04-23", "player_limit": null, "description": "", "description_pl": "", "description_en": "", "email_required": false}}, {"model": "tournaments.registration", "pk": 6, "fields": {"tournament": 6, "end_date": "2023-06-04", "player_limit": null, "description": null, "description_pl": null, "description_en": null, "email_required": false}}, {"model": "tournaments.registration", "pk": 7, "fields": {"tournament": 8, "end_date": "2023-09-02", "player_limit": 24, "description": "Na turnieju obowiązuje limit 24 graczy. W przypadku osiągnięcia limitu uczestników pierwszeństwo udziału w turnieju przysługuje zarejestrowanym graczom", "description_pl": "Na turnieju obowiązuje limit 24 graczy. W przypadku osiągnięcia limitu uczestników pierwszeństwo udziału w turnieju przysługuje zarejestrowanym graczom", "description_en": "The tournament is limited to 24 players only. In case of exceeding the competitor limit, participation precedence is given to preregistered players.", "email_required": false}}, {"model": "tournaments.registration", "pk": 8, "fields": {"tournament": 7, "end_date": "2024-04-20", "player_limit": null, "description": null, "description_pl": null, "description_en": null, "email_required": true}}, {"model": "tournaments.registeredplayer", "pk": 1, "fields": {"tournament": 1, "timestamp": "2023-04-28T09:52:53.341Z", "first_name": "Maciej", "last_name": "Lubinski", "rank": "1d", "city_club": "Let's Go Rzeszów", "country": "PL", "email": null, "phone": null, "is_paid": false, "egf_pid": null}}, {"model": "tournaments.registeredplayer", "pk": 2, "fields": {"tournament": 1, "timestamp": "2023-04-28T09:52:53.371Z", "first_name": "Marcin", "last_name": "Bałaban", "rank": "10k", "city_club": "Tychy", "country": "PL", "email": null, "phone": null, "is_paid": false, "egf_pid": null}}, {"model": "tournaments.registeredplayer", "pk": 3, "fields": {"tournament": 1, "timestamp": "2023-04-28T09:52:53.401Z", "first_name": "Szymon", "last_name": "Pietrucha", "rank": "8k", "city_club": "Let's Go Rzeszów", "country": "PL", "email": null, "phone": null, "is_paid": false, "egf_pid": null}}, {"model": "tournaments.registeredplayer", "pk": 4, "fields": {"tournament": 1, "timestamp": "2023-04-28T09:52:53.431Z", "first_name": "Maria", "last_name": "Kluziak", "rank": "13k", "city_club": "Krakowski Klub Go", "country": "PL", "email": null, "phone": null, "is_paid": false, "egf_pid": null}}, {"model": "tournaments.registeredplayer", "pk": 5, "fields": {"tournament": 1, "timestamp": "2023-04-28T09:52:53.461Z", "first_name": "Juliusz", "last_name": "Pruszyński", "rank": "5k", "city_club": "Kielce", "country": "PL", "email": null, "phone": null, "is_paid": false, "egf_pid": null}}, {"model": "tournaments.registeredplayer", "pk": 6, "fields": {"tournament": 1, "timestamp": "2023-04-28T09:52:53.490Z", "first_name": "Michał", "last_name": "Kacprzak", "rank": "6k", "city_club": "Siedlice", "country": "PL", "email": null, "phone": null, "is_paid": false, "egf_pid": null}}, {"model": "tournaments.registeredplayer", "pk": 7, "fields": {"tournament": 1, "timestamp": "2023-04-28T09:52:53.520Z", "first_name": "Ludwik", "last_name": "Bałaban", "rank": "25k", "city_club": "Tychy", "country": "PL", "email": null, "phone": null, "is_paid": false, "egf_pid": null}}, {"model": "tournaments.registeredplayer", "pk": 8, "fields": {"tournament": 1, "timestamp": "2023-04-28T09:52:53.549Z", "first_name": "Slavomír", "last_name": "Králik", "rank": "2k", "city_club": "Košice", "country": "SK", "email": null, "phone": null, "is_paid": false, "egf_pid": null}}, {"model": "tournaments.registeredplayer", "pk": 9, "fields": {"tournament": 1, "timestamp": "2023-04-28T09:52:53.579Z", "first_name": "Ondrej", "last_name": "Králik", "rank": "2d", "city_club": "Košice", "country": "SK", "email": null, "phone": null, "is_paid": false, "egf_pid": null}}, {"model": "tournaments.registeredplayer", "pk": 10, "fields": {"tournament": 1, "timestamp": "2023-04-28T09:52:53.609Z", "first_name": "Boris", "last_name": "Dovčík", "rank": "2d", "city_club": "Košice", "country": "SK", "email": null, "phone": null, "is_paid": false, "egf_pid": null}}, {"model": "tournaments.registeredplayer", "pk": 11, "fields": {"tournament": 1, "timestamp": "2023-04-28T09:52:53.639Z", "first_name": "Pavol", "last_name": "Almáši", "rank": "5k", "city_club": "Košice", "country": "SK", "email": null, "phone": null, "is_paid": false, "egf_pid": null}}, {"model": "tournaments.registeredplayer", "pk": 12, "fields": {"tournament": 1, "timestamp": "2023-04-28T09:52:53.669Z", "first_name": "Radovan", "last_name": "Schmotzer", "rank": "20k", "city_club": "Košice", "country": "SK", "email": null, "phone": null, "is_paid": false, "egf_pid": null}}, {"model": "tournaments.registeredplayer", "pk": 13, "fields": {"tournament": 1, "timestamp": "2023-04-28T09:52:53.699Z", "first_name": "Zuzanna", "last_name": "Králiková", "rank": "1d", "city_club": "Košice", "country": "SK", "email": null, "phone": null, "is_paid": false, "egf_pid": null}}, {"model": "tournaments.registeredplayer", "pk": 14, "fields": {"tournament": 1, "timestamp": "2023-04-28T09:52:53.729Z", "first_name": "Maria", "last_name": "Pilarczyk", "rank": "14k", "city_club": "Krakowski Klub Go", "country": "PL", "email": null, "phone": null, "is_paid": false, "egf_pid": null}}, {"model": "tournaments.registeredplayer", "pk": 15, "fields": {"tournament": 1, "timestamp": "2023-04-28T09:52:53.758Z", "first_name": "Krzysztof", "last_name": "Naróg", "rank": "8k", "city_club": "Let's Go Rzeszów", "country": "PL", "email": null, "phone": null, "is_paid": false, "egf_pid": null}}, {"model": "tournaments.registeredplayer", "pk": 16, "fields": {"tournament": 1, "timestamp": "2023-04-28T09:52:53.788Z", "first_name": "Marcel", "last_name": "Mroczek", "rank": "5k", "city_club": "Krakowski Klub Go", "country": "PL", "email": null, "phone": null, "is_paid": false, "egf_pid": null}}, {"model": "tournaments.registeredplayer", "pk": 17, "fields": {"tournament": 1, "timestamp": "2023-04-28T09:52:53.818Z", "first_name": "Albert", "last_name": "Sibiga", "rank": "18k", "city_club": "Let's Go Rzeszów", "country": "PL", "email": null, "phone": null, "is_paid": false, "egf_pid": null}}, {"model": "tournaments.registeredplayer", "pk": 18, "fields": {"tournament": 1, "timestamp": "2023-04-28T09:52:53.848Z", "first_name": "Danyl", "last_name": "Petrashevskyi", "rank": "3k", "city_club": "Kyiv", "country": "UA", "email": null, "phone": null, "is_paid": false, "egf_pid": null}}, {"model": "tournaments.registeredplayer", "pk": 19, "fields": {"tournament": 1, "timestamp": "2023-04-28T09:52:53.878Z", "first_name": "Oleksandr", "last_name": "Hiliazov", "rank": "2d", "city_club": "Kharkiv", "country": "UA", "email": null, "phone": null, "is_paid": false, "egf_pid": null}}, {"model": "tournaments.registeredplayer", "pk": 20, "fields": {"tournament": 1, "timestamp": "2023-04-28T09:52:53.908Z", "first_name": "Tomasz", "last_name": "Zawada", "rank": "2k", "city_club": "Let's Go Rzeszów", "country": "PL", "email": null, "phone": null, "is_paid": false, "egf_pid": null}}, {"model": "tournaments.registeredplayer", "pk": 21, "fields": {"tournament": 1, "timestamp": "2023-04-28T09:52:53.938Z", "first_name": "Jarosław", "last_name": "Kubiec", "rank": "6k", "city_club": "Warszawa", "country": "PL", "email": null, "phone": null, "is_paid": false, "egf_pid": null}}, {"model": "tournaments.registeredplayer", "pk": 22, "fields": {"tournament": 1, "timestamp": "2023-04-28T09:52:53.968Z", "first_name": "Karol", "last_name": "Urbański", "rank": "6k", "city_club": "Kraków", "country": "PL", "email": null, "phone": null, "is_paid": false, "egf_pid": null}}, {"model": "tournaments.registeredplayer", "pk": 23, "fields": {"tournament": 1, "timestamp": "2023-04-28T09:52:53.997Z", "first_name": "Krzysztof", "last_name": "Podbioł", "rank": "6k", "city_club": "Chorzów", "country": "PL", "email": null, "phone": null, "is_paid": false, "egf_pid": null}}, {"model": "tournaments.registeredplayer", "pk": 24, "fields": {"tournament": 1, "timestamp": "2023-04-28T09:52:54.027Z", "first_name": "Jarosław", "last_name": "Kopek", "rank": "1k", "city_club": "Jaworzno", "country": "PL", "email": null, "phone": null, "is_paid": false, "egf_pid": null}}, {"model": "tournaments.registeredplayer", "pk": 25, "fields": {"tournament": 1, "timestamp": "2023-04-28T09:52:54.058Z", "first_name": "Dariusz", "last_name": "Kaczmarczyk", "rank": "1k", "city_club": "Kraków", "country": "PL", "email": null, "phone": null, "is_paid": false, "egf_pid": null}}, {"model": "tournaments.registeredplayer", "pk": 26, "fields": {"tournament": 2, "timestamp": "2023-04-28T09:52:54.363Z", "first_name": "Koichiro", "last_name": "Habu", "rank": "5d", "city_club": "Krakowski Klub Go", "country": "PL", "email": null, "phone": null, "is_paid": false, "egf_pid": null}}, {"model": "tournaments.registeredplayer", "pk": 27, "fields": {"tournament": 2, "timestamp": "2023-04-28T09:52:54.393Z", "first_name": "Grzegorz", "last_name": "Marczak", "rank": "3d", "city_club": "Kraków", "country": "PL", "email": null, "phone": null, "is_paid": false, "egf_pid": null}}, {"model": "tournaments.registeredplayer", "pk": 28, "fields": {"tournament": 2, "timestamp": "2023-04-28T09:52:54.422Z", "first_name": "Oleksandr", "last_name": "Hiliazov", "rank": "2d", "city_club": "Kharkiv", "country": "UA", "email": null, "phone": null, "is_paid": false, "egf_pid": null}}, {"model": "tournaments.registeredplayer", "pk": 29, "fields": {"tournament": 2, "timestamp": "2023-04-28T09:52:54.451Z", "first_name": "Boris", "last_name": "Dovčík", "rank": "2d", "city_club": "Košice", "country": "SK", "email": null, "phone": null, "is_paid": false, "egf_pid": null}}, {"model": "tournaments.registeredplayer", "pk": 30, "fields": {"tournament": 2, "timestamp": "2023-04-28T09:52:54.481Z", "first_name": "Slavomír", "last_name": "Králik", "rank": "2k", "city_club": "Košice", "country": "SK", "email": null, "phone": null, "is_paid": false, "egf_pid": null}}, {"model": "tournaments.registeredplayer", "pk": 31, "fields": {"tournament": 2, "timestamp": "2023-04-28T09:52:54.511Z", "first_name": "Ondrej", "last_name": "Králik", "rank": "2d", "city_club": "Košice", "country": "SK", "email": null, "phone": null, "is_paid": false, "egf_pid": null}}, {"model": "tournaments.registeredplayer", "pk": 32, "fields": {"tournament": 2, "timestamp": "2023-04-28T09:52:54.541Z", "first_name": "Zuzanna", "last_name": "Králiková", "rank": "1d", "city_club": "Košice", "country": "SK", "email": null, "phone": null, "is_paid": false, "egf_pid": null}}, {"model": "tournaments.registeredplayer", "pk": 33, "fields": {"tournament": 2, "timestamp": "2023-04-28T09:52:54.570Z", "first_name": "Jakub", "last_name": "Miłkowski", "rank": "3k", "city_club": "Krakowski Klub Go", "country": "PL", "email": null, "phone": null, "is_paid": false, "egf_pid": null}}, {"model": "tournaments.registeredplayer", "pk": 34, "fields": {"tournament": 2, "timestamp": "2023-04-28T09:52:54.601Z", "first_name": "Paweł", "last_name": "Skibiński", "rank": "3k", "city_club": "Krakowski Klub Go", "country": "PL", "email": null, "phone": null, "is_paid": false, "egf_pid": null}}, {"model": "tournaments.registeredplayer", "pk": 35, "fields": {"tournament": 2, "timestamp": "2023-04-28T09:52:54.630Z", "first_name": "Marcel", "last_name": "Mroczek", "rank": "5k", "city_club": "Krakowski Klub Go", "country": "PL", "email": null, "phone": null, "is_paid": false, "egf_pid": null}}, {"model": "tournaments.registeredplayer", "pk": 36, "fields": {"tournament": 2, "timestamp": "2023-04-28T09:52:54.661Z", "first_name": "Dawid", "last_name": "Smoleń", "rank": "5k", "city_club": "Krakowski Klub Go", "country": "PL", "email": null, "phone": null, "is_paid": false, "egf_pid": null}}, {"model": "tournaments.registeredplayer", "pk": 37, "fields": {"tournament": 2, "timestamp": "2023-04-28T09:52:54.691Z", "first_name": "Marek", "last_name": "Kożdoń", "rank": "5k", "city_club": "Krakowski Klub Go", "country": "PL", "email": null, "phone": null, "is_paid": false, "egf_pid": null}}, {"model": "tournaments.registeredplayer", "pk": 38, "fields": {"tournament": 2, "timestamp": "2023-04-28T09:52:54.721Z", "first_name": "Maciej", "last_name": "Brzeski", "rank": "6k", "city_club": "Krakowski Klub Go", "country": "PL", "email": null, "phone": null, "is_paid": false, "egf_pid": null}}, {"model": "tournaments.registeredplayer", "pk": 39, "fields": {"tournament": 2, "timestamp": "2023-04-28T09:52:54.751Z", "first_name": "Pavol", "last_name": "Almáši", "rank": "5k", "city_club": "Košice", "country": "SK", "email": null, "phone": null, "is_paid": false, "egf_pid": null}}, {"model": "tournaments.registeredplayer", "pk": 40, "fields": {"tournament": 2, "timestamp": "2023-04-28T09:52:54.781Z", "first_name": "Krzysztof", "last_name": "Podbioł", "rank": "6k", "city_club": "Chorzów", "country": "PL", "email": null, "phone": null, "is_paid": false, "egf_pid": null}}, {"model": "tournaments.registeredplayer", "pk": 41, "fields": {"tournament": 2, "timestamp": "2023-04-28T09:52:54.811Z", "first_name": "Karol", "last_name": "Urbański", "rank": "6k", "city_club": "Kraków", "country": "PL", "email": null, "phone": null, "is_paid": false, "egf_pid": null}}, {"model": "tournaments.registeredplayer", "pk": 42, "fields": {"tournament": 2, "timestamp": "2023-04-28T09:52:54.841Z", "first_name": "Agnieszka", "last_name": "Walter", "rank": "7k", "city_club": "Kraków", "country": "PL", "email": null, "phone": null, "is_paid": false, "egf_pid": null}}, {"model": "tournaments.registeredplayer", "pk": 43, "fields": {"tournament": 2, "timestamp": "2023-04-28T09:52:54.871Z", "first_name": "Krzysztof", "last_name": "Naróg", "rank": "8k", "city_club": "Let's Go Rzeszów", "country": "PL", "email": null, "phone": null, "is_paid": false, "egf_pid": null}}, {"model": "tournaments.registeredplayer", "pk": 44, "fields": {"tournament": 2, "timestamp": "2023-04-28T09:52:54.901Z", "first_name": "Szymon", "last_name": "Pietrucha", "rank": "8k", "city_club": "Let's Go Rzeszów", "country": "PL", "email": null, "phone": null, "is_paid": false, "egf_pid": null}}, {"model": "tournaments.registeredplayer", "pk": 45, "fields": {"tournament": 2, "timestamp": "2023-04-28T09:52:54.932Z", "first_name": "Mateusz", "last_name": "Szal", "rank": "14k", "city_club": "Let's Go Rzeszów", "country": "PL", "email": null, "phone": null, "is_paid": false, "egf_pid": null}}, {"model": "tournaments.registeredplayer", "pk": 46, "fields": {"tournament": 2, "timestamp": "2023-04-28T09:52:54.962Z", "first_name": "Rafał", "last_name": "Fudacz", "rank": "15k", "city_club": "Kraków", "country": "PL", "email": null, "phone": null, "is_paid": false, "egf_pid": null}}, {"model": "tournaments.registeredplayer", "pk": 47, "fields": {"tournament": 2, "timestamp": "2023-04-28T09:52:54.992Z", "first_name": "Filip", "last_name": "Tłuszcz", "rank": "16k", "city_club": "Kraków", "country": "PL", "email": null, "phone": null, "is_paid": false, "egf_pid": null}}, {"model": "tournaments.registeredplayer", "pk": 48, "fields": {"tournament": 3, "timestamp": "2023-04-28T09:52:55.296Z", "first_name": "Koichiro", "last_name": "Habu", "rank": "5d", "city_club": "Krakowski Klub Go", "country": "PL", "email": null, "phone": null, "is_paid": false, "egf_pid": null}}, {"model": "tournaments.registeredplayer", "pk": 49, "fields": {"tournament": 3, "timestamp": "2023-04-28T09:52:55.326Z", "first_name": "Oleksandr", "last_name": "Hiliazov", "rank": "2d", "city_club": "Kharkiv", "country": "UA", "email": null, "phone": null, "is_paid": false, "egf_pid": null}}, {"model": "tournaments.registeredplayer", "pk": 50, "fields": {"tournament": 3, "timestamp": "2023-04-28T09:52:55.356Z", "first_name": "Adam", "last_name": "Białożyt", "rank": "1k", "city_club": "Krakowski Klub Go", "country": "PL", "email": null, "phone": null, "is_paid": false, "egf_pid": null}}, {"model": "tournaments.registeredplayer", "pk": 51, "fields": {"tournament": 3, "timestamp": "2023-04-28T09:52:55.386Z", "first_name": "Nika", "last_name": "Petrashevska", "rank": "1k", "city_club": "Kyiv", "country": "UA", "email": null, "phone": null, "is_paid": false, "egf_pid": null}}, {"model": "tournaments.registeredplayer", "pk": 52, "fields": {"tournament": 3, "timestamp": "2023-04-28T09:52:55.416Z", "first_name": "Bogdan", "last_name": "Kruk", "rank": "2k", "city_club": "Bielsko-Biała", "country": "PL", "email": null, "phone": null, "is_paid": false, "egf_pid": null}}, {"model": "tournaments.registeredplayer", "pk": 53, "fields": {"tournament": 3, "timestamp": "2023-04-28T09:52:55.446Z", "first_name": "Mateusz", "last_name": "Szeląg", "rank": "3k", "city_club": "Wrocław", "country": "PL", "email": null, "phone": null, "is_paid": false, "egf_pid": null}}, {"model": "tournaments.registeredplayer", "pk": 54, "fields": {"tournament": 3, "timestamp": "2023-04-28T09:52:55.476Z", "first_name": "Paweł", "last_name": "Skibiński", "rank": "3k", "city_club": "Krakowski Klub Go", "country": "PL", "email": null, "phone": null, "is_paid": false, "egf_pid": null}}, {"model": "tournaments.registeredplayer", "pk": 55, "fields": {"tournament": 3, "timestamp": "2023-04-28T09:52:55.505Z", "first_name": "Jakub", "last_name": "Miłkowski", "rank": "3k", "city_club": "Krakowski Klub Go", "country": "PL", "email": null, "phone": null, "is_paid": false, "egf_pid": null}}, {"model": "tournaments.registeredplayer", "pk": 56, "fields": {"tournament": 3, "timestamp": "2023-04-28T09:52:55.534Z", "first_name": "Tomasz", "last_name": "Zawada", "rank": "5k", "city_club": "Rzeszów", "country": "PL", "email": null, "phone": null, "is_paid": false, "egf_pid": null}}, {"model": "tournaments.registeredplayer", "pk": 57, "fields": {"tournament": 3, "timestamp": "2023-04-28T09:52:55.563Z", "first_name": "Marek", "last_name": "Kożdoń", "rank": "5k", "city_club": "Krakowski Klub Go", "country": "PL", "email": null, "phone": null, "is_paid": false, "egf_pid": null}}, {"model": "tournaments.registeredplayer", "pk": 58, "fields": {"tournament": 3, "timestamp": "2023-04-28T09:52:55.593Z", "first_name": "Maciej", "last_name": "Krajewski", "rank": "6k", "city_club": "Kielce/Kraków", "country": "PL", "email": null, "phone": null, "is_paid": false, "egf_pid": null}}, {"model": "tournaments.registeredplayer", "pk": 59, "fields": {"tournament": 3, "timestamp": "2023-04-28T09:52:55.623Z", "first_name": "Jarosław", "last_name": "Kubiec", "rank": "6k", "city_club": "Warszawa", "country": "PL", "email": null, "phone": null, "is_paid": false, "egf_pid": null}}, {"model": "tournaments.registeredplayer", "pk": 60, "fields": {"tournament": 3, "timestamp": "2023-04-28T09:52:55.653Z", "first_name": "Adrian", "last_name": "Kiełczykowski", "rank": "8k", "city_club": "Szaleni Samuraje Warszawa", "country": "PL", "email": null, "phone": null, "is_paid": false, "egf_pid": null}}, {"model": "tournaments.registeredplayer", "pk": 61, "fields": {"tournament": 3, "timestamp": "2023-04-28T09:52:55.683Z", "first_name": "Krzysztof", "last_name": "Naróg", "rank": "8k", "city_club": "Let's Go Rzeszów", "country": "PL", "email": null, "phone": null, "is_paid": false, "egf_pid": null}}, {"model": "tournaments.registeredplayer", "pk": 62, "fields": {"tournament": 3, "timestamp": "2023-04-28T09:52:55.713Z", "first_name": "Szymon", "last_name": "Pietrucha", "rank": "8k", "city_club": "Let's Go Rzeszów", "country": "PL", "email": null, "phone": null, "is_paid": false, "egf_pid": null}}, {"model": "tournaments.registeredplayer", "pk": 63, "fields": {"tournament": 3, "timestamp": "2023-04-28T09:52:55.743Z", "first_name": "Maria", "last_name": "Kluziak", "rank": "13k", "city_club": "Krakowski Klub Go", "country": "PL", "email": null, "phone": null, "is_paid": false, "egf_pid": null}}, {"model": "tournaments.registeredplayer", "pk": 64, "fields": {"tournament": 3, "timestamp": "2023-04-28T09:52:55.773Z", "first_name": "Mateusz", "last_name": "Szal", "rank": "14k", "city_club": "Let's Go Rzeszów", "country": "PL", "email": null, "phone": null, "is_paid": false, "egf_pid": null}}, {"model": "tournaments.registeredplayer", "pk": 65, "fields": {"tournament": 3, "timestamp": "2023-04-28T09:52:55.803Z", "first_name": "Jan", "last_name": "Rowiński", "rank": "16k", "city_club": "Poznań", "country": "PL", "email": null, "phone": null, "is_paid": false, "egf_pid": null}}, {"model": "tournaments.registeredplayer", "pk": 66, "fields": {"tournament": 3, "timestamp": "2023-04-28T09:52:55.833Z", "first_name": "Filip", "last_name": "Tłuszcz", "rank": "16k", "city_club": "Kraków", "country": "PL", "email": null, "phone": null, "is_paid": false, "egf_pid": null}}, {"model": "tournaments.registeredplayer", "pk": 67, "fields": {"tournament": 3, "timestamp": "2023-04-28T09:52:55.866Z", "first_name": "Piotr", "last_name": "Cyzio", "rank": "18k", "city_club": "Rzeszów", "country": "PL", "email": null, "phone": null, "is_paid": false, "egf_pid": null}}, {"model": "tournaments.registeredplayer", "pk": 98, "fields": {"tournament": 6, "timestamp": "2023-06-01T20:35:45.447Z", "first_name": "Koichiro", "last_name": "Habu", "rank": "5d", "city_club": "Krak", "country": "PL", "email": null, "phone": null, "is_paid": false, "egf_pid": "10837827"}}, {"model": "tournaments.registeredplayer", "pk": 100, "fields": {"tournament": 6, "timestamp": "2023-06-01T20:35:45.632Z", "first_name": "Jakub", "last_name": "Milkowski", "rank": "3k", "city_club": "Krak", "country": "PL", "email": null, "phone": null, "is_paid": false, "egf_pid": "17937370"}}, {"model": "tournaments.registeredplayer", "pk": 101, "fields": {"tournament": 6, "timestamp": "2023-06-01T20:35:45.724Z", "first_name": "Jarosław", "last_name": "Kopek", "rank": "1d", "city_club": "Chor", "country": "PL", "email": null, "phone": null, "is_paid": false, "egf_pid": "10749178"}}, {"model": "tournaments.registeredplayer", "pk": 102, "fields": {"tournament": 6, "timestamp": "2023-06-01T20:35:45.815Z", "first_name": "Grzegorz", "last_name": "Marczak", "rank": "3d", "city_club": "Krak", "country": "PL", "email": null, "phone": null, "is_paid": false, "egf_pid": "15725534"}}, {"model": "tournaments.registeredplayer", "pk": 103, "fields": {"tournament": 6, "timestamp": "2023-06-01T20:35:45.907Z", "first_name": "Pawel", "last_name": "Morawiecki", "rank": "2d", "city_club": "Kiel", "country": "PL", "email": null, "phone": null, "is_paid": false, "egf_pid": "12898721"}}, {"model": "tournaments.registeredplayer", "pk": 104, "fields": {"tournament": 6, "timestamp": "2023-06-01T20:35:45.999Z", "first_name": "Maksym", "last_name": "Walaszewski", "rank": "3d", "city_club": "Bydg", "country": "PL", "email": null, "phone": null, "is_paid": false, "egf_pid": "15050673"}}, {"model": "tournaments.registeredplayer", "pk": 105, "fields": {"tournament": 6, "timestamp": "2023-06-01T20:35:46.091Z", "first_name": "Oleksandr", "last_name": "Hiliazov", "rank": "2d", "city_club": "Khar", "country": "UA", "email": null, "phone": null, "is_paid": false, "egf_pid": "16250531"}}, {"model": "tournaments.registeredplayer", "pk": 106, "fields": {"tournament": 6, "timestamp": "2023-06-01T20:35:46.183Z", "first_name": "Zbigniew", "last_name": "Kościński", "rank": "3k", "city_club": "Wars", "country": "PL", "email": null, "phone": null, "is_paid": false, "egf_pid": "10998713"}}, {"model": "tournaments.registeredplayer", "pk": 107, "fields": {"tournament": 6, "timestamp": "2023-06-01T20:35:46.275Z", "first_name": "Maciej", "last_name": "Krajewski", "rank": "3k", "city_club": "Krak", "country": "PL", "email": null, "phone": null, "is_paid": false, "egf_pid": "18249605"}}, {"model": "tournaments.registeredplayer", "pk": 108, "fields": {"tournament": 6, "timestamp": "2023-06-01T20:35:46.367Z", "first_name": "Danylo", "last_name": "Petrashevskyi", "rank": "3k", "city_club": "Kyiv", "country": "PL", "email": "crazydan2007@gmail.com", "phone": "380974980268", "is_paid": false, "egf_pid": "18533592"}}, {"model": "tournaments.registeredplayer", "pk": 109, "fields": {"tournament": 6, "timestamp": "2023-06-01T20:35:46.459Z", "first_name": "Marek (Wilczasty)", "last_name": "Kożdoń", "rank": "4k", "city_club": "Krak", "country": "PL", "email": null, "phone": null, "is_paid": false, "egf_pid": "15801291"}}, {"model": "tournaments.registeredplayer", "pk": 110, "fields": {"tournament": 6, "timestamp": "2023-06-01T20:35:46.551Z", "first_name": "Jarosław", "last_name": "Kubiec", "rank": "4k", "city_club": "Wars", "country": "PL", "email": null, "phone": "507329265", "is_paid": false, "egf_pid": "14325520"}}, {"model": "tournaments.registeredplayer", "pk": 111, "fields": {"tournament": 6, "timestamp": "2023-06-01T20:35:46.643Z", "first_name": "Krzysztof", "last_name": "Podbioł", "rank": "5k", "city_club": "Chor", "country": "PL", "email": null, "phone": null, "is_paid": false, "egf_pid": "10274671"}}, {"model": "tournaments.registeredplayer", "pk": 112, "fields": {"tournament": 6, "timestamp": "2023-06-01T20:35:46.734Z", "first_name": "Mateusz", "last_name": "Puto", "rank": "6k", "city_club": "Krak", "country": "PL", "email": null, "phone": null, "is_paid": false, "egf_pid": "19801936"}}, {"model": "tournaments.registeredplayer", "pk": 113, "fields": {"tournament": 6, "timestamp": "2023-06-01T20:35:46.826Z", "first_name": "Szymon", "last_name": "Sokołowski", "rank": "6k", "city_club": "Krak", "country": "PL", "email": "ssokolow@gmail.com", "phone": "882354610", "is_paid": false, "egf_pid": "13501862"}}, {"model": "tournaments.registeredplayer", "pk": 114, "fields": {"tournament": 6, "timestamp": "2023-06-01T20:35:46.918Z", "first_name": "Maciej", "last_name": "Brzeski", "rank": "6k", "city_club": "Krak", "country": "PL", "email": null, "phone": null, "is_paid": false, "egf_pid": "16898904"}}, {"model": "tournaments.registeredplayer", "pk": 115, "fields": {"tournament": 6, "timestamp": "2023-06-01T20:35:47.010Z", "first_name": "Krzysztof", "last_name": "Goliński", "rank": "11k", "city_club": "Legi", "country": "PL", "email": "krzysztof.golinski@gmail.com", "phone": null, "is_paid": false, "egf_pid": "19825938"}}, {"model": "tournaments.registeredplayer", "pk": 116, "fields": {"tournament": 6, "timestamp": "2023-06-01T20:35:47.102Z", "first_name": "Michał", "last_name": "Flach", "rank": "20k", "city_club": "Krak", "country": "PL", "email": null, "phone": null, "is_paid": false, "egf_pid": null}}, {"model": "tournaments.registeredplayer", "pk": 117, "fields": {"tournament": 6, "timestamp": "2023-06-01T20:35:47.194Z", "first_name": "Rafał", "last_name": "Fudacz", "rank": "15k", "city_club": "Krak", "country": "PL", "email": null, "phone": null, "is_paid": false, "egf_pid": "19849940"}}, {"model": "tournaments.registeredplayer", "pk": 118, "fields": {"tournament": 6, "timestamp": "2023-06-02T21:47:22.238Z", "first_name": "Marek", "last_name": "Mętel", "rank": "20k", "city_club": "Kraków", "country": "PL", "email": "metelmar@gmail.com", "phone": "518928575", "is_paid": false, "egf_pid": ""}}, {"model": "tournaments.registeredplayer", "pk": 119, "fields": {"tournament": 6, "timestamp": "2023-06-03T07:06:33.301Z", "first_name": "Nika", "last_name": "Petrashevska", "rank": "1k", "city_club": "Kyiv", "country": "UA", "email": "nikapetraskevska@gmail.cim", "phone": "515214625", "is_paid": false, "egf_pid": "15786518"}}, {"model": "tournaments.registeredplayer", "pk": 120, "fields": {"tournament": 8, "timestamp": "2023-06-16T09:49:29.753Z", "first_name": "Daria", "last_name": "Testowa", "rank": "10k", "city_club": "Krak", "country": "PL", "email": null, "phone": null, "is_paid": false, "egf_pid": "17937370"}}, {"model": "tournaments.registeredplayer", "pk": 121, "fields": {"tournament": 8, "timestamp": "2023-06-16T11:52:46.537Z", "first_name": "Maria", "last_name": "Testowa", "rank": "11k", "city_club": "Krakowski Klub Go", "country": "PL", "email": null, "phone": null, "is_paid": false, "egf_pid": "17937370"}}, {"model": "tournaments.registeredplayer", "pk": 122, "fields": {"tournament": 8, "timestamp": "2023-06-17T15:55:45.389Z", "first_name": "Maciej", "last_name": "Nowak", "rank": "2d", "city_club": "Rzes", "country": "PL", "email": null, "phone": null, "is_paid": false, "egf_pid": "17937370"}}, {"model": "tournaments.registeredplayer", "pk": 123, "fields": {"tournament": 8, "timestamp": "2023-06-17T16:26:27.194Z", "first_name": "Szymon", "last_name": "Kowalski", "rank": "6k", "city_club": "Rzeszów", "country": "Polska", "email": null, "phone": null, "is_paid": false, "egf_pid": "17937370"}}, {"model": "tournaments.registeredplayer", "pk": 124, "fields": {"tournament": 8, "timestamp": "2023-06-18T19:50:59.035Z", "first_name": "Adam", "last_name": "Testowy", "rank": "4d", "city_club": "Kraków", "country": "Polska", "email": null, "phone": null, "is_paid": false, "egf_pid": "17937370"}}, {"model": "tournaments.registeredplayer", "pk": 125, "fields": {"tournament": 8, "timestamp": "2023-06-19T15:41:41.352Z", "first_name": "Jakub", "last_name": "Kowalski", "rank": "2k", "city_club": "Krak", "country": "PL", "email": null, "phone": null, "is_paid": false, "egf_pid": "17937370"}}, {"model": "tournaments.registeredplayer", "pk": 126, "fields": {"tournament": 8, "timestamp": "2023-06-19T22:00:34.095Z", "first_name": "Karol", "last_name": "Nowak", "rank": "5k", "city_club": "Krak", "country": "PL", "email": null, "phone": null, "is_paid": false, "egf_pid": "17937370"}}, {"model": "tournaments.registeredplayer", "pk": 127, "fields": {"tournament": 8, "timestamp": "2023-06-20T15:03:03.693Z", "first_name": "Zbigniew", "last_name": "Kowalski", "rank": "2k", "city_club": "KRAKÓW", "country": "POLSKA", "email": null, "phone": null, "is_paid": false, "egf_pid": "17937370"}}, {"model": "tournaments.registeredplayer", "pk": 128, "fields": {"tournament": 8, "timestamp": "2023-06-21T22:33:41.513Z", "first_name": "Mateusz", "last_name": "Kowalski", "rank": "6k", "city_club": "Kraków", "country": "Polska", "email": null, "phone": null, "is_paid": false, "egf_pid": "17937370"}}, {"model": "tournaments.registeredplayer", "pk": 129, "fields": {"tournament": 8, "timestamp": "2023-06-22T13:34:15.597Z", "first_name": "Rafal", "last_name": "Nowak", "rank": "10k", "city_club": "Krak", "country": "PL", "email": null, "phone": null, "is_paid": false, "egf_pid": "17937370"}}, {"model": "tournaments.registeredplayer", "pk": 130, "fields": {"tournament": 8, "timestamp": "2023-06-29T11:27:49.434Z", "first_name": "Michał", "last_name": "Testowy", "rank": "16k", "city_club": "Kraków", "country": "Polska", "email": null, "phone": null, "is_paid": false, "egf_pid": "17937370"}}, {"model": "tournaments.registeredplayer", "pk": 131, "fields": {"tournament": 8, "timestamp": "2023-07-21T09:50:50.306Z", "first_name": "Szymon", "last_name": "Kowalski", "rank": "5k", "city_club": "Krak", "country": "PL", "email": null, "phone": null, "is_paid": false, "egf_pid": null}}, {"model": "tournaments.registeredplayer", "pk": 132, "fields": {"tournament": 8, "timestamp": "2023-07-26T20:25:41.067Z", "first_name": "Paweł", "last_name": "Nowak", "rank": "2k", "city_club": "Kraków", "country": "Polska", "email": null, "phone": null, "is_paid": false, "egf_pid": null}}, {"model": "tournaments.registeredplayer", "pk": 133, "fields": {"tournament": 8, "timestamp": "2023-07-28T14:26:34.311Z", "first_name": "Michał", "last_name": "Kowalski", "rank": "26k", "city_club": "Rzeszów", "country": "PL", "email": null, "phone": null, "is_paid": false, "egf_pid": null}}, {"model": "tournaments.registeredplayer", "pk": 134, "fields": {"tournament": 8, "timestamp": "2023-07-30T15:10:34.577Z", "first_name": "Łukasz", "last_name": "Testowy", "rank": "6k", "city_club": "Warszawa", "country": "Polska", "email": null, "phone": null, "is_paid": false, "egf_pid": null}}, {"model": "tournaments.registeredplayer", "pk": 135, "fields": {"tournament": 8, "timestamp": "2023-07-31T07:57:56.053Z", "first_name": "Franciszek", "last_name": "Nowak", "rank": "17k", "city_club": "Orzesze", "country": "Polska", "email": null, "phone": null, "is_paid": false, "egf_pid": null}}, {"model": "tournaments.registeredplayer", "pk": 136, "fields": {"tournament": 8, "timestamp": "2023-08-06T09:36:26.867Z", "first_name": "Ryszard", "last_name": "Testowy", "rank": "19k", "city_club": "Warszawa", "country": "Poland", "email": null, "phone": null, "is_paid": false, "egf_pid": null}}, {"model": "tournaments.registeredplayer", "pk": 137, "fields": {"tournament": 8, "timestamp": "2023-08-06T09:37:03.050Z", "first_name": "Damina", "last_name": "Kowalski", "rank": "18k", "city_club": "Warszawa", "country": "Poland", "email": null, "phone": null, "is_paid": false, "egf_pid": null}}, {"model": "tournaments.registeredplayer", "pk": 138, "fields": {"tournament": 8, "timestamp": "2023-08-07T06:14:38.830Z", "first_name": "Krzysztof", "last_name": "Kowalski", "rank": "6k", "city_club": "Rzeszów", "country": "Polska", "email": null, "phone": null, "is_paid": false, "egf_pid": null}}, {"model": "tournaments.registeredplayer", "pk": 139, "fields": {"tournament": 8, "timestamp": "2023-08-07T06:50:45.092Z", "first_name": "Tomasz", "last_name": "Testowy", "rank": "1k", "city_club": "Białystok", "country": "Polska", "email": null, "phone": null, "is_paid": false, "egf_pid": null}}, {"model": "tournaments.registeredplayer", "pk": 140, "fields": {"tournament": 8, "timestamp": "2023-08-07T08:38:06.601Z", "first_name": "Łukasz", "last_name": "Nowak", "rank": "7k", "city_club": "Mysłowice", "country": "Polska", "email": null, "phone": null, "is_paid": false, "egf_pid": null}}, {"model": "tournaments.registeredplayer", "pk": 141, "fields": {"tournament": 8, "timestamp": "2023-08-13T11:33:02.593Z", "first_name": "Adrian", "last_name": "Testowy", "rank": "1d", "city_club": "Białystok", "country": "Polska", "email": null, "phone": null, "is_paid": false, "egf_pid": null}}, {"model": "tournaments.registeredplayer", "pk": 142, "fields": {"tournament": 8, "timestamp": "2023-08-14T10:03:38.618Z", "first_name": "Łukasz", "last_name": "Nowak", "rank": "15k", "city_club": "Białystok", "country": "Węgry", "email": null, "phone": null, "is_paid": false, "egf_pid": null}}, {"model": "tournaments.registeredplayer", "pk": 143, "fields": {"tournament": 8, "timestamp": "2023-08-14T15:44:40.902Z", "first_name": "Krzysztof", "last_name": "Testowy", "rank": "7k", "city_club": "Chorzów", "country": "Polska", "email": null, "phone": null, "is_paid": false, "egf_pid": null}}, {"model": "tournaments.scheduledactivity", "pk": 1, "fields": {"tournament": 1, "date": "2023-02-11", "time": "09:45:00", "activity_name": "Rejestracja", "activity_name_pl": "Rejestracja", "activity_name_en": "Registration"}}, {"model": "tournaments.scheduledactivity", "pk": 2, "fields": {"tournament": 1, "date": "2023-02-11", "time": "10:00:00", "activity_name": "Pierwsza runda", "activity_name_pl": "Pierwsza runda", "activity_name_en": "First round"}}, {"model": "tournaments.scheduledactivity", "pk": 3, "fields": {"tournament": 1, "date": "2023-02-11", "time": "11:45:00", "activity_name": "Druga runda", "activity_name_pl": "Druga runda", "activity_name_en": "Second round"}}, {"model": "tournaments.scheduledactivity", "pk": 4, "fields": {"tournament": 1, "date": "2023-02-11", "time": "13:30:00", "activity_name": "Przerwa obiadowa", "activity_name_pl": "Przerwa obiadowa", "activity_name_en": "Lunch break"}}, {"model": "tournaments.scheduledactivity", "pk": 5, "fields": {"tournament": 1, "date": "2023-02-11", "time": "14:15:00", "activity_name": "Trzecia runda", "activity_name_pl": "Trzecia runda", "activity_name_en": "Third round"}}, {"model": "tournaments.scheduledactivity", "pk": 6, "fields": {"tournament": 1, "date": "2023-02-11", "time": "16:00:00", "activity_name": "Czwarta runda", "activity_name_pl": "Czwarta runda", "activity_name_en": "Fourth round"}}, {"model": "tournaments.scheduledactivity", "pk": 7, "fields": {"tournament": 1, "date": "2023-02-11", "time": "17:45:00", "activity_name": "Zakończenie", "activity_name_pl": "Zakończenie", "activity_name_en": "End of tournament"}}, {"model": "tournaments.scheduledactivity", "pk": 8, "fields": {"tournament": 2, "date": "2022-10-22", "time": "09:45:00", "activity_name": "Rejestracja", "activity_name_pl": "Rejestracja", "activity_name_en": "Registration"}}, {"model": "tournaments.scheduledactivity", "pk": 9, "fields": {"tournament": 2, "date": "2022-10-22", "time": "10:00:00", "activity_name": "Pierwsza runda", "activity_name_pl": "Pierwsza runda", "activity_name_en": "First round"}}, {"model": "tournaments.scheduledactivity", "pk": 10, "fields": {"tournament": 2, "date": "2022-10-22", "time": "11:45:00", "activity_name": "Druga runda", "activity_name_pl": "Druga runda", "activity_name_en": "Second round"}}, {"model": "tournaments.scheduledactivity", "pk": 11, "fields": {"tournament": 2, "date": "2022-10-22", "time": "13:30:00", "activity_name": "Przerwa obiadowa", "activity_name_pl": "Przerwa obiadowa", "activity_name_en": "Lunch break"}}, {"model": "tournaments.scheduledactivity", "pk": 12, "fields": {"tournament": 2, "date": "2022-10-22", "time": "14:15:00", "activity_name": "Trzecia runda", "activity_name_pl": "Trzecia runda", "activity_name_en": "Third round"}}, {"model": "tournaments.scheduledactivity", "pk": 13, "fields": {"tournament": 2, "date": "2022-10-22", "time": "16:00:00", "activity_name": "Czwarta runda", "activity_name_pl": "Czwarta runda", "activity_name_en": "Fourth round"}}, {"model": "tournaments.scheduledactivity", "pk": 14, "fields": {"tournament": 2, "date": "2022-10-22", "time": "17:45:00", "activity_name": "Zakończenie", "activity_name_pl": "Zakończenie", "activity_name_en": "End of tournament"}}, {"model": "tournaments.scheduledactivity", "pk": 15, "fields": {"tournament": 3, "date": "2022-08-06", "time": "09:45:00", "activity_name": "Rejestracja", "activity_name_pl": "Rejestracja", "activity_name_en": "Registration"}}, {"model": "tournaments.scheduledactivity", "pk": 16, "fields": {"tournament": 3, "date": "2022-08-06", "time": "10:00:00", "activity_name": "Pierwsza runda", "activity_name_pl": "Pierwsza runda", "activity_name_en": "First round"}}, {"model": "tournaments.scheduledactivity", "pk": 17, "fields": {"tournament": 3, "date": "2022-08-06", "time": "11:45:00", "activity_name": "Druga runda", "activity_name_pl": "Druga runda", "activity_name_en": "Second round"}}, {"model": "tournaments.scheduledactivity", "pk": 18, "fields": {"tournament": 3, "date": "2022-08-06", "time": "13:30:00", "activity_name": "Przerwa obiadowa", "activity_name_pl": "Przerwa obiadowa", "activity_name_en": "Lunch break"}}, {"model": "tournaments.scheduledactivity", "pk": 19, "fields": {"tournament": 3, "date": "2022-08-06", "time": "14:15:00", "activity_name": "Trzecia runda", "activity_name_pl": "Trzecia runda", "activity_name_en": "Third round"}}, {"model": "tournaments.scheduledactivity", "pk": 20, "fields": {"tournament": 3, "date": "2022-08-06", "time": "16:00:00", "activity_name": "Czwarta runda", "activity_name_pl": "Czwarta runda", "activity_name_en": "Fourth round"}}, {"model": "tournaments.scheduledactivity", "pk": 21, "fields": {"tournament": 3, "date": "2022-08-06", "time": "17:45:00", "activity_name": "Zakończenie", "activity_name_pl": "Zakończenie", "activity_name_en": "End of tournament"}}, {"model": "tournaments.scheduledactivity", "pk": 22, "fields": {"tournament": 4, "date": "2022-04-23", "time": "09:00:00", "activity_name": "Rejestracja", "activity_name_pl": "Rejestracja", "activity_name_en": "Registration"}}, {"model": "tournaments.scheduledactivity", "pk": 23, "fields": {"tournament": 4, "date": "2022-04-23", "time": "09:30:00", "activity_name": "Pierwsza runda", "activity_name_pl": "Pierwsza runda", "activity_name_en": "First round"}}, {"model": "tournaments.scheduledactivity", "pk": 24, "fields": {"tournament": 4, "date": "2022-04-23", "time": "12:30:00", "activity_name": "Druga runda", "activity_name_pl": "Druga runda", "activity_name_en": "Second round"}}, {"model": "tournaments.scheduledactivity", "pk": 25, "fields": {"tournament": 4, "date": "2022-04-23", "time": "16:00:00", "activity_name": "Przerwa obiadowa", "activity_name_pl": "Przerwa obiadowa", "activity_name_en": "Lunch break"}}, {"model": "tournaments.scheduledactivity", "pk": 26, "fields": {"tournament": 4, "date": "2022-04-23", "time": "16:30:00", "activity_name": "Trzecia runda", "activity_name_pl": "Trzecia runda", "activity_name_en": "Third round"}}, {"model": "tournaments.scheduledactivity", "pk": 27, "fields": {"tournament": 4, "date": "2022-04-23", "time": "20:00:00", "activity_name": "After Party", "activity_name_pl": "After Party", "activity_name_en": "After Party"}}, {"model": "tournaments.scheduledactivity", "pk": 28, "fields": {"tournament": 4, "date": "2022-04-24", "time": "09:30:00", "activity_name": "Czwarta runda", "activity_name_pl": "Czwarta runda", "activity_name_en": "Fourth round"}}, {"model": "tournaments.scheduledactivity", "pk": 29, "fields": {"tournament": 4, "date": "2022-04-24", "time": "12:30:00", "activity_name": "Piąta runda", "activity_name_pl": "Piąta runda", "activity_name_en": "Fifth round"}}, {"model": "tournaments.scheduledactivity", "pk": 30, "fields": {"tournament": 4, "date": "2022-04-24", "time": "16:30:00", "activity_name": "Ogłoszenie wyników i zakończenie", "activity_name_pl": "Ogłoszenie wyników i zakończenie", "activity_name_en": "Announcement of results and closing"}}, {"model": "tournaments.scheduledactivity", "pk": 40, "fields": {"tournament": 6, "date": "2023-06-03", "time": "09:00:00", "activity_name": "Rejestracja", "activity_name_pl": "Rejestracja", "activity_name_en": "Registration"}}, {"model": "tournaments.scheduledactivity", "pk": 41, "fields": {"tournament": 6, "date": "2023-06-03", "time": "09:30:00", "activity_name": "Pierwsza runda", "activity_name_pl": "Pierwsza runda", "activity_name_en": "First round"}}, {"model": "tournaments.scheduledactivity", "pk": 42, "fields": {"tournament": 6, "date": "2023-06-03", "time": "12:30:00", "activity_name": "Druga runda", "activity_name_pl": "Druga runda", "activity_name_en": "Second round"}}, {"model": "tournaments.scheduledactivity", "pk": 43, "fields": {"tournament": 6, "date": "2023-06-03", "time": "15:30:00", "activity_name": "Przerwa obiadowa", "activity_name_pl": "Przerwa obiadowa", "activity_name_en": "Lunch break"}}, {"model": "tournaments.scheduledactivity", "pk": 44, "fields": {"tournament": 6, "date": "2023-06-03", "time": "16:30:00", "activity_name": "Trzecia runda", "activity_name_pl": "Trzecia runda", "activity_name_en": "Third round"}}, {"model": "tournaments.scheduledactivity", "pk": 45, "fields": {"tournament": 6, "date": "2023-06-03", "time": "20:00:00", "activity_name": "After Party", "activity_name_pl": "After Party", "activity_name_en": "After Party"}}, {"model": "tournaments.scheduledactivity", "pk": 46, "fields": {"tournament": 6, "date": "2023-06-04", "time": "09:30:00", "activity_name": "Czwarta runda", "activity_name_pl": "Czwarta runda", "activity_name_en": "Fourth round"}}, {"model": "tournaments.scheduledactivity", "pk": 47, "fields": {"tournament": 6, "date": "2023-06-04", "time": "12:30:00", "activity_name": "Piąta runda", "activity_name_pl": "Piąta runda", "activity_name_en": "Fifth round"}}, {"model": "tournaments.scheduledactivity", "pk": 48, "fields": {"tournament": 6, "date": "2023-06-04", "time": "16:00:00", "activity_name": "Ogłoszenie wyników i zakończenie", "activity_name_pl": "Ogłoszenie wyników i zakończenie", "activity_name_en": "Announcement of results and closing"}}, {"model": "tournaments.scheduledactivity", "pk": 49, "fields": {"tournament": 7, "date": "2024-04-20", "time": "09:00:00", "activity_name": "Rejestracja", "activity_name_pl": "Rejestracja", "activity_name_en": "Registration"}}, {"model": "tournaments.scheduledactivity", "pk": 50, "fields": {"tournament": 7, "date": "2024-04-20", "time": "09:30:00", "activity_name": "Pierwsza runda", "activity_name_pl": "Pierwsza runda", "activity_name_en": "First round"}}, {"model": "tournaments.scheduledactivity", "pk": 51, "fields": {"tournament": 7, "date": "2024-04-20", "time": "12:30:00", "activity_name": "Druga runda", "activity_name_pl": "Druga runda", "activity_name_en": "Second round"}}, {"model": "tournaments.scheduledactivity", "pk": 52, "fields": {"tournament": 7, "date": "2024-04-20", "time": "15:30:00", "activity_name": "Przerwa obiadowa", "activity_name_pl": "Przerwa obiadowa", "activity_name_en": "Lunch break"}}, {"model": "tournaments.scheduledactivity", "pk": 53, "fields": {"tournament": 7, "date": "2024-04-20", "time": "16:30:00", "activity_name": "Trzecia runda", "activity_name_pl": "Trzecia runda", "activity_name_en": "Third round"}}, {"model": "tournaments.scheduledactivity", "pk": 54, "fields": {"tournament": 7, "date": "2024-04-20", "time": "20:00:00", "activity_name": "After Party", "activity_name_pl": "After Party", "activity_name_en": "After Party"}}, {"model": "tournaments.scheduledactivity", "pk": 55, "fields": {"tournament": 7, "date": "2024-04-21", "time": "09:30:00", "activity_name": "Czwarta runda", "activity_name_pl": "Czwarta runda", "activity_name_en": "Fourth round"}}, {"model": "tournaments.scheduledactivity", "pk": 56, "fields": {"tournament": 7, "date": "2024-04-21", "time": "12:30:00", "activity_name": "Piąta runda", "activity_name_pl": "Piąta runda", "activity_name_en": "Fifth round"}}, {"model": "tournaments.scheduledactivity", "pk": 57, "fields": {"tournament": 7, "date": "2024-04-21", "time": "16:00:00", "activity_name": "Ogłoszenie wyników i zakończenie", "activity_name_pl": "Ogłoszenie wyników i zakończenie", "activity_name_en": "Announcement of results and closing"}}, {"model": "tournaments.scheduledactivity", "pk": 58, "fields": {"tournament": 8, "date": "2023-09-02", "time": "09:45:00", "activity_name": "Rejestracja", "activity_name_pl": "Rejestracja", "activity_name_en": "Registration"}}, {"model": "tournaments.scheduledactivity", "pk": 59, "fields": {"tournament": 8, "date": "2023-09-02", "time": "10:00:00", "activity_name": "Pierwsza runda", "activity_name_pl": "Pierwsza runda", "activity_name_en": "First round"}}, {"model": "tournaments.scheduledactivity", "pk": 60, "fields": {"tournament": 8, "date": "2023-09-02", "time": "11:45:00", "activity_name": "Druga runda", "activity_name_pl": "Druga runda", "activity_name_en": "Second round"}}, {"model": "tournaments.scheduledactivity", "pk": 61, "fields": {"tournament": 8, "date": "2023-09-02", "time": "13:30:00", "activity_name": "Przerwa obiadowa", "activity_name_pl": "Przerwa obiadowa", "activity_name_en": "Lunch break"}}, {"model": "tournaments.scheduledactivity", "pk": 62, "fields": {"tournament": 8, "date": "2023-09-02", "time": "14:15:00", "activity_name": "Trzecia runda", "activity_name_pl": "Trzecia runda", "activity_name_en": "Third round"}}, {"model": "tournaments.scheduledactivity", "pk": 63, "fields": {"tournament": 8, "date": "2023-09-02", "time": "16:00:00", "activity_name": "Czwarta runda", "activity_name_pl": "Czwarta runda", "activity_name_en": "Fourth round"}}, {"model": "tournaments.scheduledactivity", "pk": 64, "fields": {"tournament": 8, "date": "2023-09-02", "time": "17:45:00", "activity_name": "Zakończenie", "activity_name_pl": "Zakończenie", "activity_name_en": "End of tournament"}}, {"model": "tournaments.tournamentresult", "pk": 2, "fields": {"tournament": 3, "name": "Wyniki turnieju", "name_pl": "Wyniki turnieju", "name_en": "Tournament results", "type": "standings", "result_file": "media/tournament_results/WTH_StandingsR4_x8nu4q.html", "timestamp": "2023-05-11T19:11:07.780Z", "order": 0}}, {"model": "tournaments.tournamentresult", "pk": 5, "fields": {"tournament": 2, "name": "Wyniki turnieju", "name_pl": "Wyniki turnieju", "name_en": "Tournament results", "type": "standings", "result_file": "media/tournament_results/TwS2k_StandingsR4_zvuqqy.html", "timestamp": "2023-05-11T19:22:07.057Z", "order": 0}}, {"model": "tournaments.tournamentresult", "pk": 6, "fields": {"tournament": 1, "name": "Wyniki turnieju", "name_pl": "Wyniki turnieju", "name_en": "Tournament results", "type": "standings", "result_file": "media/tournament_results/IIITWS_StandingsR4_vlltjb.html", "timestamp": "2023-05-11T19:25:35.408Z", "order": 0}}, {"model": "tournaments.tournamentresult", "pk": 7, "fields": {"tournament": 4, "name": "Wyniki turnieju", "name_pl": "Wyniki turnieju", "name_en": "Tournament results", "type": "standings", "result_file": "media/tournament_results/KTG_StandingsR5_ikirrg.html", "timestamp": "2023-05-11T19:29:04.999Z", "order": 0}}, {"model": "tournaments.tournamentresult", "pk": 11, "fields": {"tournament": 6, "name": "Wyniki", "name_pl": "Wyniki", "name_en": "Results", "type": "standings", "result_file": "media/tournament_results/SmoczyK20232_StandingsR5_v2yck1.html", "timestamp": "2023-06-03T08:59:00.735Z", "order": 0}}, {"model": "meetings.meeting", "pk": 1, "fields": {"code": "artefakt", "name": "Spotkanie klubu w Artefakcie", "name_pl": "Spotkanie klubu w Artefakcie", "name_en": "Club meeting in Artefakt", "description": "Serdecznie zapraszamy na cotygodniowe spotkanie w Aretefakcie. Spotkania są darmowe i  każdy może dołączyć, niezależnie czy jest początkującym czy zaawansowanym graczem. Na spotkaniu zawsze znajdzie się ktoś kto chętnie nauczy zasad początkujących i pomoże w dalszym rozwoju.", "description_pl": "Serdecznie zapraszamy na cotygodniowe spotkanie w Aretefakcie. Spotkania są darmowe i  każdy może dołączyć, niezależnie czy jest początkującym czy zaawansowanym graczem. Na spotkaniu zawsze znajdzie się ktoś kto chętnie nauczy zasad początkujących i pomoże w dalszym rozwoju.", "description_en": "We warmly invite you to our weekly meeting at Aretefakt. The meetings are free and open to anyone, regardless of whether they are a beginner or an advanced player. There will always be someone at the meeting who is happy to teach the basics and help with further development.", "start_time": "18:00:00", "end_time": null, "address": "Artefakt Cafe ul. Dajwór 3", "address_map_link": "https://www.google.com/maps/embed?pb=!1m18!1m12!1m3!1d2561.8130792673046!2d19.946771415320175!3d50.05233277942241!2m3!1f0!2f0!3f0!3m2!1i1024!2i768!4f13.1!3m3!1m2!1s0x47165b18f5c5bdc1%3A0x4864fed2dc9a1047!2sArtefakt+Cafe!5e0!3m2!1spl!2spl!4v1565187353227!5m2!1spl!2spl"}}, {"model": "meetings.meeting", "pk": 2, "fields": {"code": "afterparty-smoczy-kamien-2023", "name": "Afterparty po turnieju", "name_pl": "Afterparty po turnieju", "name_en": "Afterparty after tournament", "description": "Jak zawsze po turnieju zapraszamy na afterparty w Artefakt Cafe.", "description_pl": "Jak zawsze po turnieju zapraszamy na afterparty w Artefakt Cafe.", "description_en": "As always after the tournament, we invite you to the afterparty at Artefakt Cafe. Zaczynamy", "start_time": "20:00:00", "end_time": null, "address": "Artefakt Cafe ul. Dajwór 3", "address_map_link": "https://www.google.com/maps/embed?pb=!1m18!1m12!1m3!1d2561.8130792673046!2d19.946771415320175!3d50.05233277942241!2m3!1f0!2f0!3f0!3m2!1i1024!2i768!4f13.1!3m3!1m2!1s0x47165b18f5c5bdc1%3A0x4864fed2dc9a1047!2sArtefakt+Cafe!5e0!3m2!1spl!2spl!4v1565187353227!5m2!1spl!2spl"}}, {"model": "meetings.onetimemeeting", "pk": 2, "fields": {"date": "2023-06-03"}}, {"model": "meetings.recurringmeeting", "pk": 1, "fields": {"day_of_week": "Wednesday"}}]